,gender,race,g1freelunch,birthdate,z,y
2320,1.0,2.0,1.0,1980-06-23,0.0,534.6666666666666
1487,2.0,1.0,2.0,1980-02-15,1.0,543.0
3729,1.0,1.0,1.0,1979-02-09,1.0,479.6666666666667
102,1.0,1.0,1.0,1979-02-06,0.0,502.3333333333333
4149,2.0,1.0,1.0,1980-10-01,0.0,482.3333333333333
2085,1.0,1.0,1.0,1980-04-03,0.0,523.0
3806,1.0,1.0,2.0,1979-10-29,0.0,515.6666666666666
872,1.0,1.0,2.0,1979-12-06,1.0,608.3333333333334
279,1.0,2.0,1.0,1979-04-26,0.0,518.0
3164,2.0,2.0,1.0,1980-03-03,0.0,540.6666666666666
1552,2.0,2.0,1.0,1980-06-05,0.0,526.0
3333,2.0,1.0,2.0,1979-10-26,0.0,588.6666666666666
1162,1.0,1.0,2.0,1980-01-03,1.0,612.0
2928,1.0,1.0,1.0,1980-09-09,1.0,488.0
1803,2.0,1.0,2.0,1980-03-21,0.0,616.0
1570,2.0,1.0,2.0,1980-02-23,1.0,549.6666666666666
2646,1.0,2.0,1.0,1980-07-15,1.0,467.6666666666667
3505,2.0,2.0,1.0,1978-10-21,1.0,523.6666666666666
2052,1.0,1.0,2.0,1980-04-23,0.0,530.3333333333334
1207,1.0,1.0,2.0,1980-09-08,0.0,528.0
2778,1.0,1.0,2.0,1980-08-22,0.0,512.6666666666666
3560,1.0,2.0,1.0,1980-01-19,1.0,493.3333333333333
689,1.0,2.0,2.0,1979-11-19,0.0,556.6666666666666
3401,2.0,1.0,1.0,1980-03-08,0.0,509.3333333333333
961,1.0,1.0,1.0,1979-12-02,0.0,475.6666666666667
3179,1.0,2.0,2.0,1980-05-18,0.0,562.3333333333334
3150,1.0,1.0,2.0,1980-03-27,1.0,599.3333333333334
265,1.0,1.0,2.0,1980-11-19,1.0,572.0
2605,1.0,1.0,2.0,1980-07-26,0.0,584.6666666666666
343,1.0,1.0,2.0,1979-03-01,0.0,489.6666666666667
1122,1.0,1.0,2.0,1979-10-05,0.0,527.6666666666666
1432,2.0,2.0,2.0,1980-04-18,1.0,525.3333333333334
2566,1.0,1.0,2.0,1980-07-05,1.0,503.0
3580,1.0,2.0,1.0,1980-09-15,1.0,530.0
3275,2.0,1.0,,1979-09-30,0.0,495.6666666666667
1977,2.0,2.0,2.0,1980-04-11,1.0,531.3333333333334
2989,2.0,2.0,1.0,1980-10-01,0.0,566.3333333333334
3840,1.0,1.0,1.0,1980-01-03,0.0,527.3333333333334
1678,2.0,2.0,1.0,1980-07-21,1.0,507.6666666666667
1218,1.0,1.0,2.0,1980-01-28,1.0,585.3333333333334
1913,2.0,1.0,2.0,1980-02-29,0.0,523.6666666666666
1733,1.0,2.0,1.0,1980-02-12,0.0,534.6666666666666
1138,1.0,1.0,2.0,1980-02-22,1.0,552.6666666666666
887,1.0,1.0,2.0,1979-12-14,0.0,503.3333333333333
785,2.0,1.0,1.0,1979-11-05,1.0,599.3333333333334
2758,2.0,1.0,2.0,1980-07-12,1.0,506.0
518,2.0,1.0,2.0,1979-08-14,0.0,545.3333333333334
2314,1.0,1.0,1.0,1980-04-29,1.0,581.0
3775,2.0,2.0,2.0,1980-06-11,0.0,597.3333333333334
1549,1.0,2.0,2.0,1980-06-02,1.0,593.3333333333334
2372,2.0,1.0,2.0,1980-05-09,1.0,574.0
3966,2.0,2.0,1.0,1979-10-10,0.0,479.0
2159,1.0,1.0,2.0,1980-05-02,1.0,513.6666666666666
772,2.0,1.0,2.0,1979-11-24,0.0,580.6666666666666
1370,1.0,2.0,1.0,1980-01-03,1.0,522.0
3859,2.0,1.0,1.0,1980-08-10,0.0,578.0
181,1.0,2.0,1.0,1978-11-02,0.0,494.3333333333333
2889,2.0,1.0,1.0,1980-09-11,1.0,470.0
2589,2.0,1.0,2.0,1980-07-11,1.0,534.3333333333334
2741,1.0,1.0,2.0,1980-08-24,1.0,613.6666666666666
234,1.0,1.0,1.0,1978-11-26,0.0,500.3333333333333
540,1.0,1.0,2.0,1979-08-28,1.0,599.6666666666666
3506,1.0,1.0,2.0,1979-11-04,1.0,546.0
2706,2.0,1.0,2.0,1980-08-17,1.0,553.3333333333334
715,1.0,1.0,2.0,1979-11-23,1.0,600.6666666666666
4064,1.0,2.0,1.0,1979-08-13,0.0,442.0
229,1.0,1.0,,1978-11-16,1.0,524.3333333333334
676,2.0,1.0,2.0,1979-10-05,0.0,630.3333333333334
3019,2.0,2.0,1.0,1980-09-26,1.0,523.3333333333334
3022,2.0,2.0,1.0,1980-04-12,1.0,515.3333333333334
4151,2.0,1.0,2.0,1980-07-08,0.0,588.6666666666666
431,1.0,1.0,2.0,1979-04-05,0.0,577.3333333333334
453,2.0,1.0,2.0,1979-05-04,0.0,505.3333333333333
486,2.0,1.0,1.0,1979-07-27,0.0,533.0
3934,1.0,1.0,2.0,1980-07-12,0.0,578.6666666666666
745,1.0,1.0,2.0,1979-10-01,1.0,592.3333333333334
663,2.0,1.0,1.0,1979-10-30,1.0,489.0
2300,2.0,1.0,2.0,1980-05-13,0.0,539.0
2062,2.0,1.0,,1980-03-20,0.0,527.6666666666666
3728,1.0,2.0,1.0,1980-07-28,1.0,515.3333333333334
1196,2.0,2.0,2.0,1980-01-08,0.0,536.6666666666666
2786,1.0,1.0,1.0,1980-08-08,1.0,549.3333333333334
4082,1.0,1.0,2.0,1979-12-13,1.0,557.6666666666666
1946,2.0,2.0,2.0,1980-09-29,0.0,557.0
457,2.0,1.0,1.0,1979-05-02,0.0,481.6666666666667
3529,1.0,2.0,1.0,1979-11-28,1.0,537.3333333333334
3854,1.0,1.0,1.0,1980-05-03,1.0,540.3333333333334
2574,1.0,1.0,2.0,1980-07-26,1.0,548.0
666,1.0,1.0,2.0,1979-10-10,1.0,594.3333333333334
428,2.0,1.0,2.0,1979-04-20,1.0,535.0
953,2.0,1.0,2.0,1979-11-01,1.0,646.0
1488,1.0,2.0,1.0,1980-05-14,1.0,587.0
2337,1.0,1.0,2.0,1980-06-24,1.0,499.0
2745,1.0,1.0,2.0,1980-08-22,0.0,519.3333333333334
1644,2.0,2.0,1.0,1980-07-08,1.0,548.0
1037,1.0,1.0,2.0,1979-11-30,1.0,614.6666666666666
4125,1.0,1.0,1.0,1980-01-18,1.0,532.0
1905,2.0,1.0,2.0,1980-03-16,0.0,534.3333333333334
2681,2.0,1.0,2.0,1980-08-08,1.0,617.3333333333334
2852,2.0,1.0,2.0,1980-09-01,0.0,547.0
1761,1.0,1.0,2.0,1980-03-17,1.0,628.6666666666666
4197,1.0,1.0,1.0,1980-10-08,0.0,560.3333333333334
1812,2.0,2.0,1.0,1980-09-10,0.0,533.0
1345,2.0,2.0,2.0,1980-03-13,0.0,509.6666666666667
3109,2.0,2.0,1.0,1980-01-27,0.0,509.0
3171,1.0,2.0,1.0,1980-05-24,0.0,558.3333333333334
1980,2.0,1.0,2.0,1980-04-18,0.0,541.3333333333334
1809,2.0,2.0,1.0,1980-07-31,0.0,496.0
2564,2.0,1.0,2.0,1980-07-30,0.0,567.3333333333334
3895,1.0,1.0,2.0,1979-08-07,0.0,567.0
1933,1.0,1.0,1.0,1980-03-04,1.0,541.0
1354,2.0,2.0,1.0,1980-03-10,1.0,535.6666666666666
2322,1.0,2.0,1.0,1980-05-24,1.0,572.6666666666666
2780,2.0,1.0,2.0,1980-08-08,0.0,533.0
2478,2.0,1.0,1.0,1980-06-05,1.0,613.6666666666666
3820,2.0,1.0,2.0,1979-10-16,1.0,643.3333333333334
1334,1.0,2.0,2.0,1980-01-19,0.0,535.0
4134,2.0,1.0,2.0,1980-01-13,0.0,504.3333333333333
1140,1.0,1.0,2.0,1980-01-26,1.0,572.3333333333334
4036,1.0,2.0,1.0,1980-02-24,0.0,508.3333333333333
519,1.0,1.0,2.0,1979-08-14,1.0,554.3333333333334
2640,1.0,2.0,1.0,1980-07-08,1.0,557.6666666666666
3650,2.0,1.0,1.0,1979-09-18,0.0,522.0
2016,2.0,1.0,2.0,1980-03-09,1.0,583.6666666666666
47,2.0,1.0,2.0,1980-09-27,0.0,579.0
2153,1.0,1.0,2.0,1980-04-09,0.0,540.3333333333334
3140,1.0,1.0,2.0,1980-04-13,0.0,530.0
4209,2.0,1.0,2.0,1978-04-20,1.0,491.3333333333333
3352,1.0,2.0,1.0,1980-04-08,1.0,532.3333333333334
230,2.0,1.0,1.0,1978-12-10,0.0,530.0
1546,1.0,1.0,1.0,1980-01-14,0.0,516.3333333333334
3230,1.0,2.0,1.0,1980-01-08,1.0,521.0
949,1.0,1.0,2.0,1979-12-15,1.0,549.3333333333334
1205,2.0,2.0,1.0,1980-02-03,0.0,522.3333333333334
2732,2.0,1.0,2.0,1980-07-20,0.0,597.3333333333334
2446,2.0,2.0,1.0,1980-06-12,0.0,488.0
92,1.0,1.0,2.0,1980-02-22,0.0,544.0
3950,2.0,2.0,1.0,1980-11-05,1.0,555.3333333333334
1750,1.0,2.0,2.0,1980-08-18,1.0,522.6666666666666
1729,2.0,1.0,2.0,1980-02-01,0.0,649.6666666666666
295,2.0,1.0,2.0,1979-12-02,1.0,633.6666666666666
2415,1.0,2.0,1.0,1980-07-16,1.0,507.0
1125,1.0,1.0,2.0,1980-01-07,1.0,587.3333333333334
2106,2.0,2.0,1.0,1980-04-12,1.0,547.6666666666666
2882,1.0,2.0,1.0,1980-09-29,0.0,491.3333333333333
1280,2.0,2.0,1.0,1980-02-24,0.0,518.3333333333334
3215,2.0,1.0,1.0,1980-09-11,0.0,506.0
2794,1.0,1.0,2.0,1980-08-16,0.0,501.6666666666667
966,1.0,1.0,2.0,1979-11-16,1.0,589.3333333333334
773,1.0,1.0,2.0,1979-11-25,0.0,576.0
1451,2.0,1.0,1.0,1980-04-24,1.0,528.6666666666666
1646,1.0,2.0,2.0,1980-02-01,0.0,538.3333333333334
1705,1.0,1.0,2.0,1980-01-08,0.0,577.3333333333334
330,1.0,2.0,1.0,1979-02-17,1.0,580.6666666666666
1323,1.0,2.0,1.0,1980-03-05,1.0,580.3333333333334
2951,2.0,1.0,2.0,1980-02-27,0.0,559.3333333333334
3602,2.0,1.0,1.0,1980-07-15,0.0,470.6666666666667
2597,2.0,1.0,,1980-07-14,1.0,556.0
2137,1.0,1.0,2.0,1980-05-01,1.0,574.6666666666666
3067,1.0,2.0,2.0,1980-09-27,0.0,502.3333333333333
2718,2.0,2.0,1.0,1980-08-31,0.0,518.6666666666666
1002,2.0,1.0,2.0,1979-11-19,1.0,655.6666666666666
765,1.0,1.0,1.0,1979-11-09,0.0,611.6666666666666
356,1.0,1.0,1.0,1979-10-06,0.0,515.6666666666666
3421,2.0,1.0,2.0,1980-05-04,1.0,528.6666666666666
1526,2.0,1.0,2.0,1980-08-01,1.0,606.6666666666666
1058,1.0,2.0,1.0,1979-12-31,1.0,502.3333333333333
2188,1.0,1.0,2.0,1980-05-20,0.0,501.3333333333333
2186,2.0,1.0,2.0,1980-06-13,1.0,523.6666666666666
3986,2.0,1.0,2.0,1979-11-04,1.0,572.3333333333334
980,1.0,2.0,2.0,1979-12-08,1.0,590.6666666666666
1567,1.0,1.0,1.0,1980-02-18,0.0,588.0
2583,1.0,1.0,1.0,1980-07-16,1.0,476.0
1969,1.0,1.0,2.0,1980-04-06,1.0,582.0
1512,1.0,2.0,2.0,1980-05-17,1.0,556.3333333333334
2994,1.0,1.0,2.0,1980-09-09,1.0,524.3333333333334
317,1.0,2.0,1.0,1979-02-01,0.0,536.0
2393,1.0,2.0,1.0,1980-06-26,1.0,523.3333333333334
1864,1.0,2.0,1.0,1980-09-25,0.0,515.3333333333334
1590,1.0,2.0,1.0,1980-06-21,0.0,492.3333333333333
3514,2.0,1.0,1.0,1980-08-06,1.0,506.3333333333333
993,1.0,2.0,2.0,1979-09-16,0.0,533.0
2968,2.0,2.0,1.0,1980-09-20,0.0,473.0
1261,1.0,1.0,2.0,1980-01-14,0.0,568.0
2713,2.0,1.0,2.0,1980-08-23,0.0,550.3333333333334
1604,1.0,1.0,2.0,1980-09-21,0.0,556.6666666666666
3703,1.0,1.0,2.0,1980-08-25,0.0,539.0
3455,1.0,1.0,2.0,1979-12-21,1.0,456.0
1979,2.0,1.0,2.0,1980-04-17,1.0,539.6666666666666
342,1.0,1.0,1.0,1979-03-17,1.0,512.0
1286,1.0,1.0,2.0,1980-01-13,1.0,526.0
1068,1.0,1.0,2.0,1979-12-06,1.0,561.3333333333334
3077,1.0,2.0,2.0,1980-08-18,1.0,492.6666666666667
2148,2.0,1.0,2.0,1980-05-09,0.0,558.6666666666666
878,2.0,1.0,2.0,1979-12-10,1.0,545.6666666666666
629,2.0,1.0,2.0,1979-10-02,0.0,556.3333333333334
4147,1.0,2.0,1.0,1980-07-28,0.0,468.0
1044,2.0,2.0,2.0,1979-12-28,1.0,523.6666666666666
2040,1.0,1.0,2.0,1980-04-01,1.0,579.3333333333334
3717,1.0,1.0,2.0,1979-03-09,0.0,529.6666666666666
2359,1.0,1.0,2.0,1980-06-15,1.0,596.3333333333334
2356,2.0,1.0,2.0,1980-06-28,1.0,510.0
1728,1.0,1.0,2.0,1980-02-26,1.0,553.3333333333334
762,1.0,2.0,1.0,1979-11-13,1.0,517.0
245,2.0,2.0,1.0,1979-01-17,0.0,474.6666666666667
3055,2.0,1.0,1.0,1980-06-25,0.0,456.6666666666667
2571,2.0,1.0,2.0,1980-07-16,0.0,507.0
3440,1.0,1.0,2.0,1979-12-16,1.0,580.6666666666666
2835,2.0,1.0,2.0,1980-08-04,1.0,562.6666666666666
86,1.0,1.0,2.0,1980-08-13,0.0,556.0
328,1.0,2.0,2.0,1979-07-04,0.0,507.6666666666667
3474,2.0,2.0,1.0,1980-04-02,0.0,497.0
3161,2.0,1.0,2.0,1980-04-25,1.0,600.6666666666666
1270,1.0,2.0,1.0,1980-02-12,1.0,504.3333333333333
69,1.0,3.0,2.0,1980-03-10,0.0,608.0
1786,2.0,1.0,1.0,1980-03-06,0.0,568.6666666666666
4111,1.0,1.0,2.0,1980-05-19,0.0,633.6666666666666
2056,1.0,2.0,1.0,1980-03-05,0.0,458.0
3452,1.0,1.0,2.0,1980-03-30,1.0,534.6666666666666
282,1.0,2.0,1.0,1979-01-01,0.0,486.3333333333333
1213,1.0,1.0,1.0,1980-01-27,1.0,556.3333333333334
1003,2.0,1.0,2.0,1979-11-27,1.0,605.0
778,2.0,2.0,1.0,1979-11-03,0.0,526.0
3881,1.0,1.0,2.0,1980-03-19,0.0,531.6666666666666
2575,2.0,1.0,2.0,1980-07-26,1.0,565.6666666666666
1720,2.0,2.0,1.0,1980-08-08,1.0,557.6666666666666
1035,1.0,1.0,2.0,1979-11-19,0.0,611.6666666666666
915,2.0,1.0,2.0,1979-12-04,0.0,544.0
734,1.0,1.0,2.0,1979-10-10,0.0,552.0
427,1.0,1.0,1.0,1979-04-18,1.0,518.6666666666666
4053,2.0,1.0,1.0,1979-12-14,0.0,548.3333333333334
1844,2.0,1.0,2.0,1980-02-27,1.0,565.0
821,2.0,2.0,1.0,1979-11-24,0.0,543.3333333333334
901,1.0,1.0,2.0,1979-12-28,1.0,610.3333333333334
3937,1.0,1.0,1.0,1979-06-22,1.0,540.6666666666666
3656,2.0,1.0,2.0,1980-09-04,0.0,510.0
1486,2.0,1.0,2.0,1980-02-14,0.0,577.0
1170,1.0,1.0,2.0,1980-01-08,0.0,539.6666666666666
3240,2.0,2.0,2.0,1980-10-01,1.0,522.0
1615,1.0,1.0,2.0,1980-02-25,0.0,577.0
2514,2.0,1.0,2.0,1980-07-03,0.0,563.3333333333334
2509,1.0,1.0,1.0,1980-07-16,1.0,600.3333333333334
3058,2.0,2.0,2.0,1980-05-16,0.0,526.0
3939,1.0,1.0,2.0,1980-06-06,1.0,552.3333333333334
285,1.0,1.0,2.0,1979-02-15,0.0,552.3333333333334
848,2.0,1.0,2.0,1979-12-03,1.0,525.3333333333334
2170,2.0,1.0,2.0,1980-05-12,0.0,555.0
206,1.0,1.0,1.0,1978-11-08,1.0,506.6666666666667
2225,2.0,1.0,2.0,1980-05-06,0.0,600.3333333333334
219,1.0,1.0,1.0,1978-12-09,0.0,498.0
2192,1.0,1.0,2.0,1980-05-14,0.0,564.0
532,1.0,1.0,1.0,1979-08-23,0.0,497.3333333333333
2162,1.0,1.0,2.0,1980-05-08,1.0,583.3333333333334
415,2.0,1.0,1.0,1979-12-24,0.0,481.6666666666667
3431,1.0,2.0,1.0,1979-07-18,0.0,532.0
1008,2.0,1.0,2.0,1979-12-12,1.0,589.0
807,1.0,1.0,2.0,1979-11-06,1.0,561.0
3695,2.0,2.0,1.0,1980-03-12,0.0,592.0
627,1.0,1.0,1.0,1979-10-08,0.0,496.0
2814,2.0,2.0,2.0,1980-08-15,0.0,534.6666666666666
199,2.0,1.0,2.0,1978-08-07,0.0,541.3333333333334
4166,2.0,1.0,1.0,1980-08-16,1.0,494.3333333333333
1408,1.0,1.0,2.0,1980-09-16,1.0,577.6666666666666
648,1.0,2.0,1.0,1979-10-22,1.0,521.3333333333334
567,1.0,1.0,2.0,1979-09-01,0.0,600.0
2483,1.0,1.0,2.0,1980-06-11,1.0,529.0
4016,1.0,2.0,1.0,1980-10-01,0.0,485.6666666666667
852,2.0,1.0,2.0,1979-12-14,1.0,626.6666666666666
3518,2.0,1.0,1.0,1978-12-01,0.0,503.6666666666667
3065,2.0,1.0,1.0,1980-07-14,0.0,492.0
4098,2.0,1.0,2.0,1980-06-25,1.0,591.6666666666666
2215,2.0,1.0,1.0,1980-05-13,1.0,561.6666666666666
3099,1.0,2.0,1.0,1980-09-20,0.0,542.3333333333334
2695,2.0,1.0,2.0,1980-08-01,0.0,547.3333333333334
3112,2.0,2.0,1.0,1980-03-06,1.0,519.3333333333334
1550,2.0,2.0,2.0,1980-06-06,0.0,547.6666666666666
634,2.0,1.0,2.0,1979-10-11,1.0,504.6666666666667
145,1.0,1.0,2.0,1979-09-25,0.0,543.3333333333334
2068,2.0,1.0,1.0,1980-03-25,1.0,587.3333333333334
2817,1.0,2.0,2.0,1980-07-11,0.0,527.6666666666666
985,1.0,2.0,1.0,1979-12-18,0.0,478.0
2709,1.0,1.0,2.0,1980-08-18,1.0,569.3333333333334
2535,2.0,1.0,2.0,1980-06-14,1.0,548.6666666666666
3554,1.0,2.0,1.0,1980-03-01,0.0,500.0
1421,2.0,2.0,1.0,1980-04-09,1.0,526.0
3940,2.0,1.0,1.0,1980-09-18,0.0,531.6666666666666
2110,2.0,2.0,1.0,1980-04-15,1.0,511.3333333333333
1398,1.0,2.0,2.0,1980-01-18,1.0,509.3333333333333
2495,2.0,2.0,1.0,1980-07-02,1.0,497.0
2630,2.0,2.0,2.0,1980-07-31,1.0,590.6666666666666
925,2.0,1.0,2.0,1979-11-16,0.0,595.3333333333334
1065,2.0,2.0,1.0,1979-11-15,0.0,537.0
2012,1.0,1.0,2.0,1980-04-07,0.0,542.0
2410,1.0,1.0,1.0,1980-06-20,0.0,572.3333333333334
3105,2.0,2.0,2.0,1980-03-20,0.0,597.3333333333334
1841,2.0,1.0,2.0,1980-02-19,0.0,572.0
3959,2.0,1.0,1.0,1980-02-26,1.0,507.0
1653,2.0,2.0,1.0,1980-07-10,1.0,521.6666666666666
1413,1.0,2.0,1.0,1980-04-07,0.0,510.3333333333333
1457,2.0,2.0,1.0,1980-02-24,1.0,575.6666666666666
198,2.0,1.0,1.0,1978-12-01,0.0,559.3333333333334
3850,1.0,1.0,1.0,1980-04-28,0.0,569.0
958,2.0,2.0,1.0,1979-11-05,1.0,537.0
2949,1.0,1.0,1.0,1980-08-19,0.0,558.6666666666666
1360,2.0,2.0,2.0,1980-03-19,0.0,548.6666666666666
3066,2.0,1.0,1.0,1980-07-02,1.0,557.3333333333334
824,1.0,2.0,1.0,1979-06-05,0.0,470.0
1571,1.0,2.0,1.0,1980-02-17,0.0,555.3333333333334
2945,2.0,2.0,1.0,1980-09-19,1.0,502.0
402,1.0,1.0,1.0,1979-03-26,0.0,498.3333333333333
461,1.0,1.0,2.0,1979-05-14,1.0,627.0
1871,1.0,2.0,1.0,1980-09-30,1.0,509.3333333333333
2717,1.0,1.0,2.0,1980-08-31,1.0,588.6666666666666
2769,1.0,2.0,2.0,1980-08-21,1.0,574.6666666666666
2364,1.0,1.0,2.0,1980-06-11,0.0,528.3333333333334
2865,1.0,1.0,2.0,1980-09-24,1.0,497.6666666666667
858,1.0,1.0,1.0,1979-11-05,0.0,541.6666666666666
357,2.0,1.0,1.0,1979-03-26,1.0,496.0
661,2.0,1.0,1.0,1979-10-13,1.0,503.0
1937,1.0,1.0,2.0,1980-03-19,1.0,531.0
1180,2.0,2.0,1.0,1980-01-22,1.0,523.3333333333334
410,1.0,2.0,1.0,1979-12-22,1.0,576.0
594,1.0,1.0,2.0,1979-09-21,0.0,512.3333333333334
1500,2.0,2.0,1.0,1980-05-19,1.0,499.3333333333333
1573,1.0,1.0,2.0,1980-02-24,0.0,565.0
202,2.0,2.0,1.0,1978-09-19,0.0,505.0
1525,1.0,1.0,2.0,1980-02-08,1.0,574.6666666666666
1130,1.0,2.0,1.0,1980-01-04,0.0,522.6666666666666
574,1.0,1.0,1.0,1979-09-14,1.0,465.0
4202,1.0,1.0,2.0,1980-09-20,0.0,543.6666666666666
2107,2.0,2.0,1.0,1980-04-14,0.0,507.0
85,1.0,1.0,2.0,1980-05-10,0.0,598.0
3569,1.0,2.0,1.0,1980-03-23,0.0,519.3333333333334
3475,1.0,2.0,1.0,1980-03-04,0.0,485.0
1941,1.0,1.0,2.0,1980-03-21,1.0,541.3333333333334
2888,2.0,1.0,1.0,1980-09-18,1.0,517.6666666666666
143,2.0,2.0,1.0,1980-05-10,0.0,507.3333333333333
1374,1.0,2.0,1.0,1980-07-29,1.0,502.0
524,1.0,1.0,2.0,1979-08-25,0.0,598.0
2967,2.0,2.0,1.0,1980-09-16,1.0,603.0
2674,2.0,1.0,2.0,1980-07-03,0.0,515.0
713,2.0,1.0,2.0,1979-11-20,1.0,654.6666666666666
3868,2.0,1.0,1.0,1980-02-11,0.0,511.3333333333333
4116,2.0,2.0,1.0,1980-05-21,1.0,558.3333333333334
3779,1.0,2.0,1.0,1979-08-17,0.0,477.0
3248,2.0,2.0,1.0,1980-02-21,0.0,513.6666666666666
2335,2.0,1.0,2.0,1980-06-19,1.0,550.6666666666666
2988,1.0,1.0,2.0,1980-09-30,0.0,553.0
947,1.0,1.0,1.0,1979-12-07,1.0,507.6666666666667
903,1.0,1.0,2.0,1979-12-07,0.0,553.3333333333334
749,1.0,1.0,1.0,1979-11-25,1.0,494.0
1275,1.0,2.0,1.0,1980-02-22,1.0,540.0
2799,2.0,1.0,1.0,1980-06-27,0.0,489.0
1535,1.0,1.0,2.0,1980-02-05,0.0,585.3333333333334
2757,2.0,1.0,2.0,1980-07-05,0.0,592.6666666666666
3746,1.0,2.0,1.0,1979-03-13,0.0,488.3333333333333
3412,1.0,2.0,1.0,1979-12-07,0.0,514.3333333333334
1813,2.0,2.0,2.0,1980-09-11,0.0,570.3333333333334
984,1.0,2.0,2.0,1979-12-17,1.0,593.6666666666666
1161,2.0,2.0,1.0,1980-01-02,0.0,488.3333333333333
3769,1.0,1.0,2.0,1980-09-10,1.0,612.0
1997,1.0,1.0,2.0,1980-02-23,0.0,538.0
523,2.0,1.0,2.0,1979-08-25,1.0,520.0
702,1.0,1.0,1.0,1979-10-27,1.0,526.3333333333334
3651,2.0,2.0,1.0,1980-07-17,1.0,507.6666666666667
3,2.0,1.0,2.0,1979-01-15,1.0,500.6666666666667
876,2.0,1.0,2.0,1979-12-08,1.0,615.3333333333334
1658,1.0,1.0,2.0,1980-02-07,1.0,521.6666666666666
2266,1.0,1.0,2.0,1980-05-10,0.0,501.0
3978,1.0,1.0,2.0,1980-01-02,0.0,543.3333333333334
2529,2.0,1.0,2.0,1980-07-25,1.0,604.3333333333334
3195,1.0,2.0,1.0,1980-05-13,1.0,588.6666666666666
1760,2.0,1.0,2.0,1980-08-25,1.0,526.6666666666666
455,1.0,1.0,2.0,1979-05-28,0.0,492.3333333333333
2692,1.0,1.0,1.0,1980-08-13,0.0,559.0
3715,1.0,1.0,2.0,1980-01-24,1.0,591.6666666666666
2992,2.0,1.0,2.0,1980-09-03,1.0,533.0
569,1.0,2.0,1.0,1979-09-05,0.0,516.0
1123,2.0,2.0,1.0,1979-12-21,1.0,508.3333333333333
505,1.0,1.0,1.0,1979-07-17,1.0,493.6666666666667
3809,1.0,2.0,2.0,1978-10-29,1.0,502.6666666666667
2025,1.0,1.0,2.0,1980-04-04,1.0,586.3333333333334
4010,1.0,1.0,2.0,1980-07-27,1.0,543.0
1033,1.0,1.0,2.0,1979-12-28,0.0,531.6666666666666
1404,2.0,2.0,1.0,1980-01-24,1.0,618.6666666666666
3013,2.0,2.0,1.0,1980-10-01,1.0,544.3333333333334
3838,1.0,1.0,2.0,1979-11-21,1.0,538.3333333333334
2629,2.0,1.0,2.0,1980-07-19,1.0,625.6666666666666
3315,1.0,1.0,1.0,1979-07-09,0.0,514.3333333333334
2299,2.0,2.0,1.0,1980-01-16,0.0,541.6666666666666
450,1.0,1.0,1.0,1979-05-19,0.0,549.3333333333334
1051,1.0,2.0,1.0,1979-08-23,0.0,521.6666666666666
3180,2.0,2.0,2.0,1980-06-29,0.0,533.3333333333334
1588,1.0,1.0,2.0,1980-02-19,0.0,537.6666666666666
2496,2.0,2.0,1.0,1980-07-04,0.0,482.3333333333333
884,2.0,1.0,1.0,1979-12-22,1.0,518.0
2652,1.0,1.0,2.0,1980-06-16,0.0,560.3333333333334
1090,2.0,2.0,1.0,1979-12-06,0.0,543.0
2399,1.0,1.0,1.0,1980-06-23,0.0,541.0
2388,1.0,1.0,1.0,1980-06-17,1.0,531.6666666666666
1403,2.0,2.0,1.0,1980-03-06,1.0,550.6666666666666
2018,2.0,1.0,2.0,1980-03-24,1.0,600.0
4029,1.0,2.0,1.0,1979-11-07,0.0,570.0
1640,1.0,2.0,2.0,1980-06-10,0.0,514.3333333333334
1876,1.0,1.0,2.0,1980-03-22,1.0,524.3333333333334
319,2.0,2.0,1.0,1979-06-21,0.0,483.3333333333333
3072,1.0,1.0,2.0,1980-01-28,1.0,555.0
3227,1.0,1.0,2.0,1980-08-14,0.0,560.0
3553,2.0,2.0,1.0,1980-01-23,0.0,544.6666666666666
2302,1.0,1.0,2.0,1980-05-22,0.0,536.3333333333334
128,1.0,1.0,2.0,1980-07-09,1.0,547.0
2895,1.0,1.0,2.0,1980-08-29,0.0,539.0
3690,1.0,1.0,2.0,1980-03-10,0.0,541.6666666666666
2334,1.0,1.0,2.0,1980-06-24,0.0,512.6666666666666
3536,2.0,1.0,2.0,1978-10-22,0.0,506.3333333333333
3225,2.0,1.0,2.0,1980-07-11,0.0,521.0
2804,1.0,2.0,2.0,1980-08-05,0.0,593.3333333333334
3751,1.0,2.0,1.0,1979-09-24,1.0,492.0
2307,1.0,1.0,2.0,1980-05-18,0.0,570.0
2513,2.0,1.0,2.0,1980-07-02,1.0,568.3333333333334
851,1.0,1.0,2.0,1979-12-13,0.0,548.0
2922,1.0,1.0,2.0,1980-08-01,0.0,565.0
1402,2.0,2.0,2.0,1980-01-22,0.0,553.6666666666666
716,2.0,1.0,2.0,1979-11-24,1.0,597.3333333333334
2154,2.0,1.0,2.0,1980-05-05,0.0,522.6666666666666
3097,2.0,2.0,1.0,1980-05-10,1.0,522.3333333333334
3245,2.0,1.0,2.0,1980-03-12,0.0,594.0
1224,1.0,1.0,1.0,1980-04-03,0.0,526.3333333333334
3565,2.0,2.0,1.0,1980-05-19,0.0,515.6666666666666
4003,2.0,1.0,2.0,1980-04-27,1.0,539.0
1942,1.0,1.0,2.0,1980-03-23,1.0,623.0
2196,1.0,1.0,2.0,1980-04-08,1.0,595.0
1738,2.0,1.0,2.0,1980-02-26,1.0,641.0
3037,2.0,1.0,2.0,1980-09-10,1.0,626.0
2700,2.0,1.0,2.0,1980-08-06,1.0,604.0
740,2.0,1.0,2.0,1979-11-23,1.0,546.3333333333334
3925,1.0,1.0,1.0,1979-11-07,1.0,583.6666666666666
3607,1.0,1.0,1.0,1979-02-28,1.0,471.3333333333333
3606,1.0,1.0,1.0,1980-06-02,1.0,496.3333333333333
3200,2.0,1.0,1.0,1980-07-23,1.0,531.3333333333334
2969,2.0,2.0,1.0,1980-09-21,0.0,483.0
639,1.0,1.0,2.0,1979-10-15,1.0,603.3333333333334
3517,2.0,1.0,2.0,1979-12-30,0.0,604.6666666666666
1924,2.0,2.0,1.0,1980-03-18,0.0,527.3333333333334
2357,2.0,2.0,2.0,1980-06-28,1.0,557.6666666666666
435,2.0,1.0,2.0,1979-04-13,0.0,489.3333333333333
4152,1.0,4.0,2.0,1980-07-15,1.0,586.0
2497,1.0,1.0,2.0,1980-07-03,0.0,537.6666666666666
153,1.0,1.0,1.0,1979-08-01,0.0,536.6666666666666
3323,2.0,1.0,2.0,1979-12-30,0.0,573.6666666666666
3381,2.0,2.0,1.0,1980-05-12,0.0,564.3333333333334
691,2.0,1.0,2.0,1979-11-07,0.0,580.3333333333334
4117,2.0,3.0,1.0,1980-05-17,0.0,571.3333333333334
3458,2.0,1.0,2.0,1980-01-29,0.0,533.6666666666666
1877,2.0,1.0,1.0,1980-03-13,0.0,506.3333333333333
289,1.0,1.0,2.0,1979-02-19,0.0,504.0
3538,2.0,1.0,1.0,1979-05-16,0.0,508.3333333333333
1717,1.0,2.0,1.0,1980-08-06,1.0,540.3333333333334
1736,2.0,2.0,1.0,1980-08-10,1.0,539.6666666666666
109,1.0,1.0,2.0,1979-08-30,0.0,592.0
849,2.0,1.0,2.0,1979-12-10,0.0,552.0
1194,2.0,2.0,1.0,1980-01-21,0.0,533.6666666666666
2340,2.0,1.0,2.0,1980-06-02,1.0,542.3333333333334
2365,2.0,1.0,2.0,1980-06-18,0.0,568.0
2600,2.0,1.0,2.0,1980-07-21,1.0,541.6666666666666
4041,2.0,1.0,1.0,1979-02-17,1.0,474.6666666666667
1985,2.0,1.0,2.0,1980-04-01,1.0,569.6666666666666
2808,2.0,2.0,1.0,1980-08-08,1.0,541.3333333333334
2901,1.0,1.0,2.0,1980-09-14,0.0,544.0
3561,1.0,1.0,2.0,1980-07-07,0.0,583.3333333333334
1260,2.0,2.0,1.0,1980-01-31,0.0,492.0
3007,2.0,1.0,2.0,1980-09-15,1.0,491.6666666666667
1437,2.0,1.0,2.0,1980-01-14,1.0,507.6666666666667
1034,2.0,1.0,2.0,1979-11-05,0.0,546.0
573,1.0,1.0,2.0,1979-09-13,0.0,639.0
4186,2.0,1.0,2.0,1980-07-30,0.0,530.3333333333334
2329,1.0,2.0,2.0,1980-06-16,0.0,526.6666666666666
422,1.0,2.0,1.0,1979-04-19,0.0,538.3333333333334
988,2.0,2.0,1.0,1979-12-26,0.0,503.3333333333333
3654,1.0,1.0,2.0,1979-06-29,0.0,576.0
2883,1.0,1.0,2.0,1980-08-20,0.0,491.3333333333333
2291,2.0,2.0,1.0,1980-05-10,1.0,585.3333333333334
495,1.0,1.0,2.0,1979-07-30,0.0,518.0
3413,2.0,1.0,2.0,1980-12-12,0.0,581.0
6,2.0,1.0,1.0,1979-11-22,0.0,490.6666666666667
98,2.0,1.0,2.0,1980-04-08,0.0,500.0
4067,1.0,1.0,1.0,1979-11-01,0.0,499.0
2649,1.0,1.0,2.0,1980-07-18,1.0,511.6666666666667
2619,2.0,1.0,2.0,1980-07-01,0.0,502.3333333333333
1574,1.0,2.0,1.0,1980-06-16,0.0,494.3333333333333
3039,1.0,2.0,1.0,1980-09-29,0.0,513.3333333333334
3257,2.0,1.0,2.0,1980-01-16,1.0,534.0
4030,1.0,1.0,1.0,1979-06-18,0.0,553.6666666666666
583,1.0,2.0,1.0,1979-09-23,0.0,491.3333333333333
1061,1.0,2.0,1.0,1979-12-14,1.0,502.3333333333333
2057,1.0,1.0,2.0,1980-03-06,1.0,630.0
2097,1.0,2.0,2.0,1980-04-01,0.0,597.6666666666666
3267,1.0,1.0,2.0,1981-02-18,0.0,521.0
239,2.0,1.0,2.0,1980-09-29,1.0,519.6666666666666
2344,1.0,1.0,2.0,1980-06-06,1.0,607.6666666666666
1150,1.0,2.0,1.0,1980-01-10,1.0,612.0
3753,2.0,3.0,2.0,1979-12-13,0.0,576.3333333333334
504,2.0,2.0,1.0,1979-04-12,0.0,504.3333333333333
3085,2.0,2.0,1.0,1980-04-04,0.0,503.6666666666667
2301,1.0,1.0,2.0,1980-05-18,0.0,556.6666666666666
625,1.0,1.0,1.0,1979-10-02,1.0,463.0
1566,2.0,1.0,2.0,1980-02-05,1.0,537.0
3326,1.0,1.0,2.0,1979-08-30,0.0,568.3333333333334
1944,1.0,1.0,2.0,1980-02-01,0.0,494.6666666666667
2685,2.0,1.0,2.0,1980-08-15,0.0,544.3333333333334
2530,1.0,1.0,2.0,1980-07-26,0.0,594.0
1787,2.0,2.0,1.0,1980-08-25,0.0,498.0
2163,1.0,1.0,2.0,1980-05-08,1.0,532.3333333333334
2202,1.0,1.0,2.0,1980-04-28,0.0,559.6666666666666
3004,1.0,1.0,1.0,1980-10-01,1.0,529.6666666666666
169,2.0,1.0,1.0,1978-10-28,1.0,534.3333333333334
2752,2.0,1.0,2.0,1980-08-15,1.0,530.3333333333334
3069,1.0,2.0,1.0,1980-02-01,0.0,529.3333333333334
2123,2.0,1.0,1.0,1980-04-15,1.0,630.6666666666666
1962,1.0,1.0,2.0,1980-04-01,1.0,544.3333333333334
3700,2.0,1.0,2.0,1980-08-07,0.0,562.0
4210,1.0,2.0,1.0,1980-09-12,1.0,593.0
3376,2.0,1.0,2.0,1980-07-12,0.0,555.6666666666666
2559,2.0,1.0,2.0,1980-07-19,1.0,552.3333333333334
709,1.0,1.0,2.0,1979-11-14,0.0,551.3333333333334
3967,1.0,1.0,1.0,1980-04-21,0.0,540.3333333333334
501,1.0,2.0,1.0,1979-07-30,0.0,563.0
1544,2.0,1.0,1.0,1980-05-22,0.0,518.0
4114,1.0,1.0,1.0,1980-06-16,0.0,572.0
26,1.0,1.0,2.0,,0.0,588.0
3191,1.0,2.0,1.0,1980-02-14,0.0,495.6666666666667
1878,1.0,1.0,2.0,1980-03-14,1.0,588.0
2790,1.0,1.0,1.0,1980-07-29,0.0,489.3333333333333
3307,2.0,1.0,2.0,1980-05-14,0.0,526.0
1919,1.0,2.0,2.0,1980-09-30,0.0,523.3333333333334
3778,2.0,1.0,2.0,1980-02-19,0.0,501.3333333333333
2155,2.0,1.0,2.0,1980-05-13,0.0,612.0
2534,2.0,1.0,2.0,1980-07-31,1.0,577.0
2863,2.0,1.0,1.0,1980-07-17,0.0,517.0
3765,2.0,2.0,1.0,1980-06-17,0.0,503.6666666666667
2161,2.0,1.0,2.0,1980-05-06,1.0,588.0
3422,2.0,2.0,1.0,1979-07-31,0.0,496.3333333333333
235,2.0,1.0,1.0,1978-12-22,0.0,497.6666666666667
4089,2.0,1.0,2.0,1980-02-21,0.0,577.0
3242,2.0,1.0,2.0,1980-06-20,1.0,569.3333333333334
2044,2.0,2.0,1.0,1980-04-16,1.0,520.0
3185,1.0,1.0,2.0,1980-02-26,0.0,562.3333333333334
2767,1.0,1.0,,1980-08-10,1.0,546.6666666666666
197,2.0,1.0,1.0,1978-08-21,0.0,494.3333333333333
592,2.0,1.0,1.0,1979-08-27,1.0,491.3333333333333
1054,2.0,2.0,2.0,1979-11-04,1.0,576.6666666666666
3903,2.0,1.0,1.0,1978-11-26,1.0,505.6666666666667
1916,2.0,2.0,1.0,1980-09-30,1.0,590.0
3270,2.0,2.0,1.0,1979-07-04,0.0,487.6666666666667
576,1.0,1.0,2.0,1979-09-15,1.0,610.0
2917,1.0,2.0,1.0,1980-09-08,1.0,567.3333333333334
3252,2.0,1.0,2.0,1980-04-12,1.0,540.0
1325,1.0,2.0,1.0,1980-03-06,0.0,527.3333333333334
1530,2.0,2.0,1.0,1980-04-25,1.0,566.3333333333334
123,2.0,2.0,1.0,1980-08-22,0.0,502.3333333333333
1341,1.0,1.0,2.0,1980-03-14,1.0,555.0
4167,2.0,1.0,2.0,1980-02-07,0.0,562.0
895,2.0,1.0,1.0,1979-12-30,0.0,533.0
4062,2.0,2.0,2.0,1979-12-31,0.0,547.3333333333334
2905,2.0,2.0,1.0,1980-09-15,1.0,532.3333333333334
1791,2.0,1.0,2.0,1980-03-13,0.0,524.0
721,2.0,2.0,2.0,1979-10-23,0.0,491.0
3368,2.0,1.0,1.0,1980-07-06,0.0,540.0
2633,1.0,2.0,1.0,1980-07-02,1.0,590.3333333333334
2920,2.0,1.0,1.0,1980-09-10,1.0,495.6666666666667
1519,2.0,1.0,2.0,1980-02-09,1.0,585.3333333333334
2207,1.0,1.0,2.0,1980-05-29,1.0,600.3333333333334
1181,2.0,1.0,2.0,1980-01-15,1.0,582.6666666666666
1759,1.0,1.0,2.0,1980-03-11,1.0,555.0
3617,1.0,2.0,1.0,1980-05-14,0.0,485.3333333333333
704,1.0,1.0,2.0,1979-11-02,1.0,580.3333333333334
566,1.0,1.0,2.0,1979-09-19,1.0,586.0
854,1.0,1.0,1.0,1979-12-13,1.0,593.0
3952,2.0,1.0,2.0,1980-01-11,1.0,548.6666666666666
1506,2.0,2.0,2.0,1980-01-22,1.0,544.6666666666666
1542,1.0,2.0,1.0,1980-06-06,0.0,505.3333333333333
2310,1.0,1.0,2.0,1980-05-24,0.0,604.6666666666666
3296,2.0,2.0,1.0,1979-09-17,1.0,563.0
1854,2.0,1.0,1.0,1980-09-26,1.0,498.3333333333333
3202,2.0,1.0,2.0,1980-01-12,1.0,576.0
4022,1.0,2.0,1.0,1978-11-07,0.0,518.3333333333334
2260,1.0,1.0,2.0,1980-04-16,0.0,605.0
3734,1.0,2.0,1.0,1978-10-31,0.0,525.6666666666666
896,1.0,1.0,1.0,1979-12-21,1.0,527.6666666666666
3217,2.0,2.0,1.0,1980-07-08,1.0,504.6666666666667
2656,2.0,2.0,2.0,1980-06-28,1.0,549.3333333333334
1484,1.0,1.0,2.0,1980-02-12,1.0,549.6666666666666
1513,2.0,2.0,1.0,1980-05-23,0.0,488.6666666666667
1346,1.0,2.0,2.0,1980-03-17,0.0,504.0
2690,2.0,1.0,1.0,1980-08-13,1.0,539.3333333333334
3676,2.0,1.0,1.0,1980-09-18,0.0,482.0
3266,1.0,2.0,1.0,1980-03-02,0.0,507.6666666666667
3251,1.0,2.0,1.0,1980-07-23,0.0,521.3333333333334
3502,1.0,2.0,1.0,1979-10-12,0.0,466.3333333333333
378,1.0,2.0,1.0,1979-03-20,0.0,518.6666666666666
195,2.0,2.0,1.0,1978-07-17,0.0,515.0
3357,1.0,1.0,2.0,1980-05-22,0.0,556.0
1936,1.0,1.0,2.0,1980-03-07,0.0,494.6666666666667
930,2.0,1.0,1.0,1979-12-09,0.0,527.0
3156,2.0,2.0,1.0,1980-07-22,0.0,546.3333333333334
1655,1.0,2.0,1.0,1980-07-11,0.0,513.3333333333334
2879,2.0,1.0,2.0,1980-09-23,1.0,563.3333333333334
658,2.0,1.0,2.0,1979-10-18,1.0,546.0
1496,1.0,1.0,1.0,1980-02-20,1.0,504.3333333333333
1021,1.0,1.0,2.0,1979-12-08,0.0,523.6666666666666
978,2.0,2.0,1.0,1979-12-06,1.0,551.3333333333334
3817,1.0,1.0,2.0,1979-07-25,0.0,614.6666666666666
1145,1.0,2.0,2.0,1980-05-26,1.0,534.6666666666666
2671,1.0,1.0,1.0,1980-07-09,1.0,513.3333333333334
2213,1.0,1.0,2.0,1980-05-10,0.0,551.6666666666666
3283,1.0,1.0,1.0,1980-01-04,1.0,547.0
1886,1.0,1.0,2.0,1980-04-09,0.0,507.6666666666667
1250,2.0,2.0,1.0,1980-02-15,0.0,571.6666666666666
1846,1.0,1.0,2.0,1980-02-29,0.0,595.3333333333334
363,1.0,2.0,1.0,1979-11-04,1.0,542.6666666666666
729,1.0,1.0,2.0,1979-11-13,1.0,538.0
646,1.0,1.0,2.0,1979-10-21,0.0,566.0
1966,2.0,1.0,2.0,1980-04-05,1.0,626.6666666666666
61,2.0,1.0,1.0,1980-06-23,1.0,570.0
93,2.0,1.0,2.0,1979-07-17,0.0,562.6666666666666
1752,2.0,2.0,1.0,1980-08-19,0.0,510.3333333333333
3110,1.0,2.0,1.0,1980-10-01,1.0,524.6666666666666
1168,1.0,2.0,2.0,1980-01-04,1.0,586.6666666666666
2505,2.0,1.0,2.0,1980-07-18,0.0,539.6666666666666
4102,1.0,1.0,2.0,1980-05-26,1.0,547.0
1171,1.0,2.0,2.0,1980-01-23,1.0,558.3333333333334
391,2.0,1.0,2.0,1979-11-28,0.0,467.6666666666667
1896,2.0,1.0,1.0,1980-03-18,0.0,497.6666666666667
2027,1.0,1.0,1.0,1980-04-21,1.0,579.3333333333334
2906,2.0,2.0,1.0,1980-09-03,1.0,531.6666666666666
3608,2.0,2.0,2.0,1980-07-01,0.0,513.0
269,1.0,1.0,1.0,1979-12-08,0.0,555.3333333333334
1700,2.0,2.0,1.0,1980-08-01,0.0,506.6666666666667
1725,1.0,2.0,2.0,1980-07-28,0.0,531.6666666666666
1201,2.0,1.0,1.0,1980-01-29,0.0,500.0
3442,1.0,2.0,2.0,1980-02-09,0.0,592.0
322,1.0,1.0,2.0,1979-02-20,1.0,647.3333333333334
3358,1.0,1.0,1.0,1980-06-21,0.0,511.6666666666667
2918,1.0,1.0,1.0,1980-08-23,0.0,499.0
2424,1.0,2.0,1.0,1980-06-10,0.0,513.0
352,2.0,1.0,2.0,1979-03-11,0.0,517.0
2592,2.0,1.0,2.0,1980-06-28,0.0,595.0
4094,2.0,1.0,1.0,1980-05-29,1.0,508.0
4058,2.0,1.0,1.0,1979-07-08,0.0,530.0
314,1.0,2.0,1.0,1979-03-25,1.0,566.3333333333334
243,2.0,1.0,,1979-01-21,0.0,529.0
816,1.0,1.0,1.0,1979-10-27,0.0,558.0
1085,1.0,1.0,1.0,1979-08-23,0.0,543.3333333333334
449,1.0,1.0,2.0,1979-04-23,0.0,505.3333333333333
90,2.0,1.0,2.0,1980-01-30,0.0,548.3333333333334
3373,1.0,1.0,1.0,1980-05-24,0.0,570.6666666666666
1580,2.0,1.0,2.0,1980-02-13,1.0,625.6666666666666
2668,1.0,1.0,2.0,1980-07-23,1.0,615.6666666666666
2659,1.0,2.0,1.0,1980-03-29,0.0,532.6666666666666
3388,2.0,1.0,1.0,1980-01-07,0.0,498.6666666666667
2848,2.0,2.0,1.0,1980-05-22,0.0,505.6666666666667
1209,2.0,1.0,2.0,1980-01-31,1.0,548.0
2099,1.0,2.0,,1980-04-02,0.0,446.0
4106,2.0,1.0,1.0,1980-06-06,0.0,560.0
4077,1.0,2.0,1.0,1979-10-25,1.0,546.6666666666666
826,1.0,1.0,2.0,1979-10-28,0.0,562.3333333333334
2208,1.0,1.0,2.0,1980-05-01,1.0,603.6666666666666
2459,2.0,2.0,1.0,1980-04-02,1.0,563.0
3014,2.0,2.0,1.0,1980-10-01,0.0,474.0
782,1.0,1.0,1.0,1979-10-01,0.0,602.6666666666666
3891,1.0,1.0,2.0,1979-08-30,0.0,602.3333333333334
3500,1.0,1.0,1.0,1980-02-09,1.0,532.6666666666666
3887,2.0,2.0,1.0,1980-09-02,0.0,501.0
678,2.0,1.0,2.0,1979-10-07,0.0,607.3333333333334
3269,2.0,1.0,2.0,1979-06-30,1.0,542.0
256,1.0,2.0,1.0,1979-09-24,0.0,510.6666666666667
3639,1.0,1.0,1.0,1980-01-09,0.0,469.6666666666667
3045,1.0,2.0,2.0,1980-03-01,1.0,533.6666666666666
3759,1.0,2.0,1.0,1980-02-16,0.0,535.0
3104,2.0,2.0,1.0,1980-03-02,1.0,587.6666666666666
1518,2.0,1.0,2.0,1980-02-06,1.0,557.0
1838,2.0,1.0,2.0,1980-03-19,0.0,560.3333333333334
3386,1.0,1.0,2.0,1980-07-23,1.0,615.3333333333334
4205,2.0,1.0,1.0,1980-05-25,1.0,537.6666666666666
313,1.0,2.0,1.0,1979-06-09,0.0,508.0
1442,2.0,2.0,1.0,1980-04-15,0.0,515.0
2990,2.0,2.0,1.0,1980-09-13,0.0,477.0
2618,1.0,1.0,1.0,1980-07-05,1.0,487.3333333333333
2811,2.0,2.0,1.0,1980-08-11,0.0,493.0
3933,2.0,1.0,2.0,1980-03-21,1.0,556.6666666666666
1827,1.0,2.0,1.0,1980-09-11,1.0,530.3333333333334
278,2.0,2.0,1.0,1979-04-26,0.0,514.6666666666666
2508,2.0,1.0,2.0,1980-07-09,1.0,538.0
1652,2.0,2.0,1.0,1980-07-10,1.0,542.6666666666666
1111,2.0,1.0,1.0,1980-11-04,1.0,477.6666666666667
42,1.0,1.0,2.0,1979-08-18,1.0,607.3333333333334
1238,1.0,1.0,1.0,1980-02-06,1.0,492.0
33,2.0,1.0,1.0,1980-09-16,0.0,579.6666666666666
1077,1.0,2.0,1.0,1979-11-05,0.0,489.0
2783,1.0,1.0,2.0,1980-07-26,1.0,513.6666666666666
1191,2.0,2.0,1.0,1980-06-21,0.0,548.3333333333334
2554,2.0,1.0,1.0,1980-07-07,1.0,503.0
2946,2.0,1.0,1.0,1980-09-28,1.0,471.3333333333333
3038,1.0,2.0,1.0,1980-09-23,1.0,601.0
1400,1.0,1.0,2.0,1980-08-30,0.0,541.0
763,2.0,1.0,2.0,1979-11-21,0.0,533.6666666666666
543,1.0,2.0,1.0,1979-08-14,1.0,487.0
1847,1.0,2.0,2.0,1980-02-27,1.0,535.6666666666666
2724,2.0,1.0,2.0,1980-08-15,1.0,555.3333333333334
2048,2.0,1.0,2.0,1980-04-05,0.0,529.6666666666666
3253,2.0,2.0,1.0,1980-05-02,1.0,524.0
1355,2.0,2.0,1.0,1980-03-11,1.0,516.0
2615,1.0,2.0,2.0,1980-06-07,1.0,492.3333333333333
3330,1.0,2.0,1.0,1979-08-06,0.0,518.3333333333334
761,1.0,1.0,1.0,1979-11-12,1.0,576.6666666666666
1000,1.0,1.0,2.0,1979-11-14,0.0,621.0
64,1.0,2.0,1.0,1980-07-10,1.0,511.6666666666667
1613,1.0,2.0,1.0,1980-02-21,0.0,510.6666666666667
2009,2.0,1.0,1.0,1980-04-23,1.0,560.3333333333334
1454,1.0,1.0,1.0,1980-09-24,1.0,589.3333333333334
383,2.0,2.0,2.0,1979-11-22,0.0,573.6666666666666
2944,2.0,1.0,2.0,1980-09-13,1.0,600.3333333333334
1288,2.0,1.0,1.0,1980-05-23,1.0,543.0
4162,1.0,1.0,2.0,1980-03-02,1.0,577.3333333333334
1612,1.0,2.0,1.0,1980-06-28,1.0,507.0
9,1.0,2.0,,1980-04-20,1.0,512.0
2524,2.0,2.0,1.0,1980-07-19,0.0,517.3333333333334
407,2.0,2.0,1.0,1979-12-24,1.0,548.6666666666666
2349,2.0,1.0,2.0,1980-06-15,0.0,602.3333333333334
4063,1.0,1.0,2.0,1979-11-11,1.0,592.3333333333334
311,1.0,2.0,1.0,1978-06-08,0.0,452.0
2070,1.0,2.0,2.0,1980-04-01,0.0,488.0
1232,2.0,1.0,1.0,1980-01-12,0.0,497.6666666666667
2572,1.0,1.0,1.0,1980-07-20,0.0,578.6666666666666
1470,1.0,1.0,1.0,1980-02-21,0.0,499.3333333333333
1719,2.0,2.0,1.0,1980-08-08,0.0,502.6666666666667
1958,1.0,1.0,1.0,1980-04-29,0.0,572.0
4002,1.0,1.0,2.0,1979-04-21,0.0,590.6666666666666
3524,2.0,2.0,1.0,1980-09-30,1.0,548.0
3982,1.0,1.0,1.0,1980-02-28,1.0,526.6666666666666
2624,1.0,1.0,1.0,1980-07-20,1.0,526.0
1581,1.0,1.0,2.0,1980-02-13,0.0,562.0
2762,2.0,2.0,1.0,1980-07-25,1.0,478.0
1804,2.0,2.0,1.0,1980-08-01,0.0,509.6666666666667
1446,1.0,1.0,1.0,1980-02-22,1.0,538.0
3056,2.0,1.0,1.0,1980-04-11,1.0,558.3333333333334
3970,2.0,1.0,1.0,1979-08-12,0.0,486.3333333333333
1293,2.0,2.0,1.0,1980-01-31,1.0,470.3333333333333
2531,1.0,1.0,2.0,1980-07-28,0.0,533.3333333333334
2805,1.0,1.0,1.0,1980-08-05,0.0,525.3333333333334
1960,2.0,1.0,2.0,1980-04-01,1.0,632.3333333333334
3346,2.0,1.0,2.0,1980-01-17,1.0,557.0
25,1.0,1.0,1.0,1979-08-25,0.0,515.3333333333334
1245,1.0,1.0,2.0,1980-04-18,1.0,554.3333333333334
1869,1.0,2.0,2.0,1980-09-03,1.0,534.6666666666666
2427,2.0,1.0,1.0,1980-06-12,1.0,558.3333333333334
251,1.0,2.0,1.0,1979-02-04,0.0,463.3333333333333
2294,2.0,2.0,1.0,1980-05-14,0.0,497.0
1163,1.0,2.0,1.0,1980-01-11,0.0,525.3333333333334
2385,2.0,1.0,2.0,1980-06-06,1.0,640.0
2422,2.0,2.0,1.0,1980-06-28,1.0,476.3333333333333
1228,2.0,2.0,1.0,1980-02-02,0.0,497.6666666666667
1828,2.0,2.0,1.0,1980-03-20,1.0,536.3333333333334
286,1.0,2.0,1.0,1979-04-02,0.0,472.0
2957,2.0,2.0,1.0,1980-09-03,0.0,536.6666666666666
939,1.0,1.0,2.0,1979-12-10,0.0,525.0
4076,1.0,1.0,,1979-10-16,0.0,625.0
362,2.0,2.0,1.0,1979-11-04,1.0,529.3333333333334
889,1.0,1.0,1.0,1979-12-29,1.0,500.3333333333333
1670,2.0,2.0,2.0,1980-07-16,0.0,534.0
2152,1.0,2.0,1.0,1980-04-17,0.0,501.0
3880,1.0,2.0,1.0,1979-12-04,0.0,556.6666666666666
3965,1.0,1.0,1.0,1979-09-12,0.0,554.0
1009,2.0,1.0,,1980-12-22,0.0,539.3333333333334
10,1.0,2.0,1.0,1979-10-13,0.0,510.6666666666667
129,2.0,1.0,2.0,1979-04-19,0.0,534.3333333333334
2935,2.0,1.0,2.0,1980-09-03,0.0,570.6666666666666
744,2.0,1.0,2.0,1979-11-18,0.0,544.3333333333334
1972,2.0,1.0,2.0,1980-04-07,1.0,596.3333333333334
527,1.0,1.0,2.0,1979-08-01,0.0,549.0
2374,1.0,1.0,2.0,1980-05-15,0.0,534.6666666666666
1172,1.0,1.0,2.0,1980-04-09,1.0,599.0
164,1.0,1.0,1.0,1979-10-30,0.0,576.0
2887,2.0,1.0,2.0,1980-09-04,0.0,533.6666666666666
3462,2.0,1.0,2.0,1980-05-27,0.0,515.6666666666666
3701,2.0,1.0,1.0,1980-08-01,0.0,544.3333333333334
1353,2.0,1.0,1.0,1980-01-23,0.0,589.3333333333334
355,2.0,1.0,1.0,1979-03-04,0.0,562.0
283,1.0,1.0,1.0,1979-02-04,0.0,483.0
1547,2.0,2.0,1.0,1980-06-04,1.0,509.0
507,1.0,1.0,1.0,1979-07-21,1.0,541.0
1669,2.0,2.0,1.0,1980-07-27,0.0,531.6666666666666
4217,1.0,1.0,2.0,1980-10-08,0.0,594.0
973,2.0,2.0,1.0,1979-12-02,0.0,504.0
2144,2.0,1.0,1.0,1980-05-07,1.0,532.0
3324,1.0,1.0,2.0,1979-10-23,1.0,518.0
2031,2.0,1.0,2.0,1980-04-01,1.0,622.6666666666666
1465,1.0,1.0,2.0,1980-02-05,0.0,500.6666666666667
1372,2.0,2.0,2.0,1980-01-04,0.0,566.0
2386,1.0,1.0,1.0,1980-06-09,0.0,543.6666666666666
3568,2.0,2.0,1.0,1980-05-30,1.0,546.3333333333334
1156,1.0,1.0,1.0,1980-01-01,1.0,544.3333333333334
2857,1.0,1.0,2.0,1980-09-24,0.0,553.6666666666666
4066,1.0,1.0,2.0,1979-10-02,0.0,581.0
673,2.0,1.0,2.0,1979-10-04,1.0,507.0
3340,1.0,2.0,1.0,1979-11-22,1.0,530.3333333333334
3659,1.0,1.0,2.0,1979-04-07,1.0,528.6666666666666
2001,2.0,1.0,1.0,1980-04-19,0.0,497.3333333333333
3836,2.0,2.0,2.0,1979-05-04,1.0,543.0
510,1.0,1.0,1.0,1979-08-19,1.0,514.3333333333334
2703,2.0,1.0,2.0,1980-08-10,0.0,547.0
2304,1.0,1.0,1.0,1980-05-14,1.0,531.6666666666666
853,2.0,1.0,2.0,1979-12-29,1.0,556.0
3677,1.0,1.0,1.0,1979-07-30,1.0,509.6666666666667
2462,2.0,1.0,1.0,1980-03-06,0.0,555.6666666666666
3206,2.0,1.0,2.0,1980-03-09,1.0,544.6666666666666
2869,2.0,1.0,2.0,1980-09-09,1.0,589.0
421,2.0,2.0,2.0,1979-12-06,0.0,598.6666666666666
2080,2.0,1.0,2.0,1980-03-19,0.0,514.6666666666666
2127,1.0,1.0,2.0,1980-04-01,0.0,572.3333333333334
3737,1.0,1.0,1.0,1979-09-30,1.0,520.0
906,1.0,1.0,2.0,1979-11-09,0.0,591.3333333333334
3321,2.0,2.0,1.0,1978-11-22,1.0,536.6666666666666
1968,2.0,1.0,2.0,1980-04-06,0.0,542.6666666666666
1743,2.0,2.0,1.0,1980-08-13,1.0,468.6666666666667
1343,1.0,2.0,1.0,1980-01-17,0.0,564.6666666666666
813,2.0,1.0,2.0,1979-11-15,0.0,547.3333333333334
1473,1.0,2.0,1.0,1980-02-01,0.0,533.0
2200,2.0,1.0,2.0,1980-04-21,1.0,524.3333333333334
366,1.0,2.0,1.0,1979-11-06,1.0,516.6666666666666
1211,2.0,1.0,2.0,1980-01-11,1.0,589.6666666666666
3991,1.0,2.0,1.0,1979-01-13,0.0,534.6666666666666
2683,2.0,1.0,2.0,1980-08-22,0.0,616.3333333333334
2925,1.0,1.0,1.0,1980-08-14,0.0,510.3333333333333
3241,2.0,1.0,2.0,1979-11-02,1.0,548.6666666666666
577,2.0,1.0,1.0,1979-09-15,0.0,542.3333333333334
2303,2.0,1.0,1.0,1980-05-01,0.0,542.0
499,1.0,1.0,2.0,1979-06-10,0.0,580.0
1998,2.0,2.0,1.0,1979-12-30,0.0,533.6666666666666
1593,1.0,2.0,2.0,1980-06-30,0.0,481.6666666666667
3739,2.0,2.0,1.0,1980-11-22,0.0,517.3333333333334
1912,2.0,1.0,1.0,1980-02-24,0.0,563.3333333333334
2714,2.0,1.0,2.0,1980-08-23,0.0,526.3333333333334
3897,2.0,1.0,1.0,1980-08-28,0.0,520.3333333333334
287,1.0,2.0,1.0,1979-11-13,0.0,608.3333333333334
552,1.0,1.0,2.0,1979-08-17,0.0,526.6666666666666
3226,1.0,1.0,2.0,1980-09-28,1.0,633.0
299,2.0,1.0,2.0,1979-12-27,0.0,567.3333333333334
121,2.0,2.0,1.0,1979-12-27,0.0,509.0
3190,2.0,1.0,2.0,1980-05-29,0.0,519.3333333333334
1537,1.0,1.0,1.0,1980-02-09,1.0,554.0
3047,1.0,2.0,1.0,1979-12-30,0.0,499.6666666666667
1765,1.0,1.0,2.0,1980-03-20,1.0,522.6666666666666
1203,2.0,2.0,1.0,1980-01-27,0.0,483.0
3023,2.0,2.0,1.0,1980-02-11,0.0,497.3333333333333
1310,1.0,2.0,2.0,1980-10-01,1.0,554.0
3908,1.0,1.0,2.0,1978-12-13,0.0,549.3333333333334
2461,2.0,2.0,1.0,1980-04-29,1.0,539.0
3015,2.0,1.0,1.0,1980-07-27,0.0,556.6666666666666
967,1.0,1.0,1.0,1979-12-09,0.0,528.3333333333334
3603,2.0,2.0,1.0,1979-07-06,1.0,516.0
1957,2.0,1.0,2.0,1980-04-13,0.0,573.3333333333334
4119,1.0,1.0,1.0,1980-08-23,0.0,580.0
1239,1.0,2.0,2.0,1980-02-07,0.0,558.0
1943,2.0,1.0,2.0,1980-03-30,0.0,583.3333333333334
3318,2.0,1.0,2.0,1980-09-26,0.0,560.3333333333334
2995,2.0,1.0,2.0,1980-09-10,0.0,612.0
1169,1.0,1.0,1.0,1980-01-07,0.0,619.0
1220,1.0,2.0,2.0,1980-02-11,0.0,578.3333333333334
237,1.0,1.0,1.0,1978-12-14,1.0,531.3333333333334
2837,2.0,1.0,2.0,1980-08-15,0.0,507.3333333333333
3129,1.0,2.0,1.0,1980-03-09,1.0,474.0
935,1.0,1.0,2.0,1979-12-02,1.0,552.0
1097,2.0,1.0,2.0,1979-11-13,0.0,503.3333333333333
4182,1.0,1.0,2.0,1980-06-07,0.0,532.0
2838,2.0,1.0,2.0,1980-08-16,1.0,597.3333333333334
3716,1.0,2.0,2.0,1980-08-29,0.0,574.3333333333334
2819,2.0,2.0,2.0,1980-07-31,0.0,535.3333333333334
1100,1.0,2.0,2.0,1979-11-18,0.0,527.6666666666666
3845,1.0,1.0,1.0,1980-02-26,1.0,591.3333333333334
3510,2.0,2.0,2.0,1978-12-31,0.0,473.0
2262,1.0,1.0,2.0,1980-04-24,0.0,586.0
4143,2.0,1.0,2.0,1980-01-01,1.0,608.3333333333334
2055,2.0,1.0,1.0,1980-03-01,0.0,501.3333333333333
3301,2.0,2.0,2.0,1980-06-12,0.0,519.0
1897,2.0,1.0,2.0,1980-03-19,0.0,471.0
846,2.0,1.0,2.0,1979-12-03,1.0,515.3333333333334
3894,2.0,1.0,2.0,1980-02-23,0.0,587.6666666666666
2067,2.0,1.0,2.0,1980-04-24,0.0,508.3333333333333
3193,2.0,2.0,1.0,1980-07-08,0.0,485.3333333333333
3871,1.0,1.0,1.0,1980-05-09,0.0,513.3333333333334
3044,1.0,2.0,1.0,1980-03-28,1.0,543.6666666666666
793,2.0,1.0,2.0,1979-11-11,0.0,606.0
1114,1.0,2.0,1.0,1979-12-31,0.0,572.0
3043,1.0,2.0,2.0,1980-04-11,0.0,558.3333333333334
957,2.0,1.0,2.0,1979-12-19,1.0,560.3333333333334
3622,2.0,1.0,1.0,1979-02-06,0.0,485.6666666666667
3781,1.0,1.0,2.0,1980-04-28,0.0,532.0
1269,2.0,2.0,1.0,1980-02-12,1.0,515.6666666666666
3289,2.0,1.0,1.0,1980-04-17,1.0,546.0
3244,2.0,2.0,1.0,1980-06-28,0.0,518.3333333333334
3633,1.0,1.0,2.0,1979-10-11,0.0,510.0
2696,1.0,1.0,2.0,1980-08-02,1.0,558.6666666666666
2306,1.0,1.0,1.0,1979-05-16,0.0,521.0
3726,1.0,1.0,2.0,1980-08-19,0.0,515.6666666666666
2873,2.0,2.0,1.0,1980-09-14,1.0,502.3333333333333
2552,1.0,1.0,2.0,1980-07-24,1.0,596.3333333333334
1309,1.0,1.0,2.0,1980-06-11,1.0,519.0
1474,1.0,1.0,1.0,1980-02-02,0.0,611.3333333333334
3273,2.0,1.0,1.0,1980-08-21,0.0,550.6666666666666
1516,2.0,1.0,1.0,1980-02-26,0.0,503.3333333333333
409,2.0,2.0,2.0,1979-12-21,1.0,470.6666666666667
2735,2.0,1.0,1.0,1980-07-27,0.0,567.0
1949,2.0,1.0,2.0,1980-04-26,1.0,634.3333333333334
513,1.0,1.0,2.0,1979-08-23,0.0,456.0
2960,2.0,1.0,2.0,1980-09-05,1.0,589.0
1784,2.0,1.0,2.0,1980-03-04,1.0,556.0
1789,2.0,2.0,1.0,1980-03-12,1.0,567.3333333333334
926,2.0,1.0,1.0,1979-12-06,0.0,592.3333333333334
1199,2.0,1.0,1.0,1980-01-25,0.0,514.6666666666666
2325,1.0,1.0,2.0,1980-06-23,1.0,591.0
677,2.0,1.0,2.0,1979-10-11,0.0,590.3333333333334
3080,1.0,2.0,1.0,1980-06-15,0.0,542.6666666666666
2734,1.0,1.0,2.0,1980-07-25,0.0,518.0
3308,1.0,2.0,1.0,1979-10-13,0.0,491.6666666666667
4130,2.0,2.0,1.0,1980-06-11,0.0,474.3333333333333
193,2.0,1.0,1.0,1978-07-01,1.0,510.3333333333333
539,1.0,1.0,2.0,1979-08-11,0.0,537.6666666666666
4105,2.0,1.0,1.0,1980-02-22,0.0,545.3333333333334
2546,2.0,1.0,2.0,1980-06-19,1.0,584.3333333333334
4139,2.0,2.0,1.0,1980-03-21,1.0,559.6666666666666
1981,1.0,1.0,2.0,1980-04-19,0.0,520.6666666666666
4140,1.0,1.0,2.0,1980-05-19,1.0,586.0
3189,1.0,2.0,1.0,1980-07-12,0.0,459.6666666666667
452,2.0,1.0,2.0,1979-04-22,1.0,574.6666666666666
1369,2.0,1.0,2.0,1980-06-20,0.0,563.6666666666666
776,1.0,2.0,1.0,1979-11-18,1.0,505.0
19,1.0,1.0,2.0,1979-06-27,0.0,533.6666666666666
514,2.0,1.0,2.0,1979-08-27,0.0,568.0
326,2.0,1.0,2.0,1979-09-18,0.0,550.0
1202,1.0,2.0,2.0,1980-01-08,0.0,511.0
2549,1.0,1.0,2.0,1980-06-27,1.0,531.3333333333334
3159,2.0,2.0,1.0,1980-06-26,0.0,521.0
1682,2.0,2.0,1.0,1980-02-21,1.0,577.6666666666666
635,1.0,1.0,2.0,1979-12-12,1.0,590.6666666666666
3740,2.0,1.0,2.0,1978-09-17,1.0,498.3333333333333
735,2.0,1.0,2.0,1979-11-04,1.0,581.3333333333334
24,2.0,1.0,1.0,1980-11-19,1.0,549.0
133,2.0,1.0,1.0,1979-12-31,1.0,506.3333333333333
127,2.0,1.0,2.0,1980-01-08,0.0,519.0
4178,1.0,1.0,2.0,1980-06-06,1.0,567.0
841,2.0,1.0,2.0,1979-11-30,1.0,527.3333333333334
2184,2.0,1.0,2.0,1980-05-12,0.0,501.0
2516,2.0,1.0,2.0,1980-07-07,0.0,527.0
690,1.0,1.0,1.0,1979-11-01,0.0,572.0
1722,2.0,1.0,2.0,1980-01-22,1.0,531.6666666666666
2556,1.0,1.0,2.0,1980-07-04,0.0,586.0
1964,2.0,1.0,2.0,1980-04-04,1.0,550.0
2908,2.0,1.0,2.0,1980-09-17,1.0,552.3333333333334
116,1.0,2.0,1.0,1980-10-01,0.0,519.3333333333334
2176,1.0,1.0,2.0,1980-05-22,0.0,567.3333333333334
1732,1.0,2.0,2.0,1980-02-08,0.0,573.6666666666666
2279,1.0,1.0,2.0,1980-05-09,0.0,531.0
3254,2.0,1.0,2.0,1980-04-16,0.0,600.6666666666666
3192,1.0,2.0,1.0,1980-06-08,0.0,472.0
2632,2.0,2.0,2.0,1980-07-01,1.0,559.6666666666666
4079,1.0,1.0,1.0,1979-11-20,1.0,627.0
2355,1.0,1.0,2.0,1980-06-27,1.0,569.0
2458,1.0,2.0,1.0,1980-05-31,0.0,505.0
3712,1.0,2.0,1.0,1980-02-06,1.0,499.0
2984,1.0,1.0,2.0,1980-09-12,1.0,521.0
1689,2.0,1.0,2.0,1980-02-25,0.0,494.0
855,2.0,1.0,2.0,1979-12-05,1.0,544.0
2416,2.0,1.0,2.0,1980-06-09,0.0,566.6666666666666
2339,1.0,1.0,1.0,1980-07-16,1.0,540.0
340,2.0,1.0,1.0,1979-02-07,1.0,488.3333333333333
2874,1.0,1.0,2.0,1980-09-15,1.0,560.6666666666666
3555,2.0,2.0,2.0,1980-02-23,1.0,575.3333333333334
462,2.0,1.0,1.0,1979-05-28,0.0,521.0
1118,2.0,1.0,2.0,1979-11-17,0.0,557.6666666666666
3848,2.0,1.0,1.0,1980-04-29,1.0,572.3333333333334
3174,2.0,2.0,1.0,1980-04-14,0.0,517.3333333333334
188,1.0,2.0,1.0,1980-07-05,0.0,513.3333333333334
3826,2.0,1.0,1.0,1979-11-03,1.0,571.0
3166,2.0,2.0,1.0,1980-04-23,0.0,500.6666666666667
324,2.0,2.0,1.0,1979-06-25,0.0,485.0
1857,2.0,2.0,2.0,1980-09-29,0.0,586.6666666666666
2135,2.0,1.0,2.0,1980-06-14,0.0,481.0
4006,1.0,2.0,2.0,1980-05-02,0.0,528.6666666666666
1393,1.0,2.0,1.0,1980-04-04,1.0,519.0
1608,2.0,2.0,1.0,1980-02-17,0.0,523.6666666666666
869,2.0,1.0,2.0,1979-12-02,0.0,553.3333333333334
2169,2.0,1.0,2.0,1980-05-12,0.0,524.0
395,2.0,1.0,2.0,1979-12-02,1.0,559.0
423,1.0,2.0,1.0,1979-05-14,0.0,547.3333333333334
3904,1.0,2.0,1.0,1980-09-05,0.0,522.6666666666666
3793,1.0,2.0,1.0,1980-02-16,1.0,530.6666666666666
1770,2.0,1.0,2.0,1980-03-14,0.0,613.3333333333334
3834,2.0,1.0,2.0,1979-11-22,0.0,609.0
2171,1.0,1.0,2.0,1980-05-13,1.0,565.6666666666666
3300,1.0,2.0,1.0,1979-09-04,0.0,600.3333333333334
867,2.0,1.0,2.0,1979-12-12,1.0,633.6666666666666
1420,2.0,1.0,2.0,1980-02-14,0.0,572.0
3691,1.0,1.0,2.0,1980-07-19,1.0,633.6666666666666
386,1.0,2.0,2.0,1979-11-30,1.0,581.6666666666666
132,2.0,1.0,2.0,1979-12-17,1.0,524.6666666666666
65,2.0,2.0,1.0,1980-03-31,0.0,568.6666666666666
1083,1.0,1.0,1.0,1979-06-17,1.0,510.0
36,1.0,1.0,1.0,1979-01-25,0.0,529.3333333333334
4144,2.0,1.0,1.0,1980-03-02,0.0,559.3333333333334
2639,2.0,2.0,1.0,1980-07-08,0.0,481.6666666666667
3682,1.0,1.0,1.0,1979-08-17,0.0,541.6666666666666
1006,1.0,1.0,2.0,1979-12-29,0.0,550.6666666666666
16,1.0,1.0,2.0,1980-08-06,1.0,517.0
918,2.0,1.0,1.0,1979-12-05,0.0,526.0
2173,1.0,1.0,2.0,1980-05-14,0.0,508.6666666666667
1287,2.0,1.0,1.0,1980-01-18,1.0,532.6666666666666
2661,2.0,2.0,1.0,1980-02-18,0.0,498.0
3548,1.0,1.0,1.0,1980-01-16,1.0,564.6666666666666
1768,2.0,2.0,2.0,1980-07-07,1.0,585.3333333333334
4088,2.0,1.0,2.0,1980-01-28,1.0,562.0
1186,1.0,2.0,1.0,1980-01-18,1.0,543.0
4129,2.0,2.0,1.0,1980-07-09,0.0,469.0
2073,1.0,1.0,2.0,1980-04-16,1.0,549.0
379,2.0,2.0,2.0,1979-11-22,0.0,597.3333333333334
347,1.0,1.0,2.0,1979-03-17,1.0,599.0
2933,2.0,1.0,,1980-08-27,0.0,563.6666666666666
2689,2.0,1.0,2.0,1980-08-06,1.0,523.6666666666666
3488,2.0,1.0,1.0,1980-09-16,0.0,511.3333333333333
398,2.0,2.0,1.0,1979-12-07,0.0,492.6666666666667
249,1.0,2.0,1.0,1979-01-26,0.0,529.6666666666666
1993,2.0,1.0,2.0,1980-04-30,1.0,552.0
3383,1.0,1.0,1.0,1980-07-08,1.0,544.6666666666666
637,2.0,2.0,1.0,1979-10-13,0.0,506.0
3917,2.0,2.0,1.0,1980-04-20,0.0,520.0
2599,2.0,1.0,2.0,1980-07-19,0.0,558.0
2725,1.0,1.0,1.0,1980-08-06,0.0,539.3333333333334
4113,1.0,1.0,2.0,1980-09-09,0.0,530.0
255,1.0,2.0,1.0,1979-09-24,1.0,524.3333333333334
1214,2.0,1.0,1.0,1980-01-29,1.0,540.6666666666666
4050,2.0,1.0,2.0,1979-12-05,1.0,528.3333333333334
3714,2.0,1.0,2.0,1979-10-05,0.0,586.3333333333334
1124,1.0,2.0,2.0,1979-11-13,0.0,544.3333333333334
2039,2.0,1.0,2.0,1980-03-31,0.0,541.3333333333334
3143,2.0,2.0,1.0,1980-02-02,1.0,512.3333333333334
3864,1.0,1.0,1.0,1980-04-10,0.0,561.3333333333334
3535,1.0,2.0,1.0,1980-07-13,0.0,517.3333333333334
2289,2.0,1.0,1.0,1980-05-07,1.0,532.0
764,2.0,1.0,1.0,1979-11-07,0.0,527.0
3742,2.0,2.0,1.0,1980-08-03,1.0,510.0
3610,2.0,2.0,1.0,1980-06-06,0.0,537.3333333333334
3504,2.0,2.0,1.0,1978-12-11,1.0,513.3333333333334
3198,2.0,2.0,2.0,1980-07-25,1.0,536.0
680,1.0,1.0,2.0,1979-12-08,1.0,618.0
626,2.0,1.0,,1979-10-07,0.0,554.0
3771,2.0,2.0,2.0,1980-09-13,1.0,510.3333333333333
4195,2.0,1.0,2.0,1980-09-09,1.0,591.0
2441,2.0,1.0,1.0,1980-07-27,1.0,508.0
2404,2.0,1.0,1.0,1980-06-09,0.0,558.0
315,2.0,2.0,2.0,1979-07-15,1.0,576.3333333333334
1137,2.0,1.0,2.0,1980-01-12,1.0,542.0
623,2.0,1.0,2.0,1979-09-16,0.0,524.6666666666666
711,1.0,1.0,2.0,1979-11-19,1.0,592.3333333333334
3534,1.0,2.0,1.0,1978-12-19,0.0,503.3333333333333
1026,2.0,1.0,1.0,1979-12-27,1.0,533.3333333333334
614,2.0,1.0,,1979-09-07,0.0,508.6666666666667
2720,2.0,1.0,,1980-08-25,0.0,532.0
3641,2.0,1.0,2.0,1980-09-15,0.0,465.0
3135,1.0,2.0,1.0,1980-06-30,0.0,459.3333333333333
3927,1.0,2.0,1.0,1980-01-24,0.0,500.3333333333333
2328,1.0,2.0,2.0,1980-06-14,1.0,507.6666666666667
1361,2.0,2.0,1.0,1980-07-20,0.0,466.0
1297,2.0,2.0,1.0,1980-02-28,1.0,561.6666666666666
2178,2.0,1.0,2.0,1980-05-28,0.0,604.3333333333334
157,1.0,5.0,2.0,1979-02-15,0.0,534.0
1020,2.0,1.0,2.0,1979-12-19,0.0,613.0
2284,1.0,1.0,2.0,1980-05-09,1.0,537.3333333333334
3032,2.0,1.0,2.0,1980-09-02,1.0,557.6666666666666
3855,1.0,1.0,2.0,1980-06-15,1.0,505.3333333333333
970,1.0,2.0,2.0,1979-12-27,1.0,501.0
4017,1.0,2.0,1.0,1980-04-29,0.0,518.3333333333334
1647,2.0,2.0,1.0,1980-02-29,1.0,500.6666666666667
203,1.0,1.0,1.0,1978-08-24,0.0,514.0
2172,1.0,1.0,2.0,1980-05-13,1.0,617.3333333333334
534,1.0,1.0,1.0,1979-08-19,0.0,547.3333333333334
3670,2.0,2.0,1.0,1979-02-12,0.0,568.3333333333334
3162,2.0,2.0,2.0,1980-08-17,0.0,566.0
1173,1.0,1.0,1.0,1980-01-10,1.0,539.6666666666666
187,2.0,1.0,1.0,1978-04-17,1.0,521.0
1076,1.0,2.0,1.0,1979-08-13,0.0,477.3333333333333
2180,1.0,2.0,1.0,1980-04-01,1.0,585.0
1222,2.0,2.0,2.0,1980-01-30,0.0,545.3333333333334
2682,1.0,1.0,1.0,1980-08-13,1.0,552.6666666666666
1584,1.0,1.0,2.0,1980-02-09,0.0,553.0
1610,1.0,2.0,1.0,1980-08-01,0.0,502.3333333333333
3144,1.0,2.0,1.0,1980-08-09,1.0,574.3333333333334
2287,1.0,1.0,1.0,1980-07-14,0.0,530.6666666666666
75,1.0,2.0,1.0,1980-09-06,1.0,469.6666666666667
1365,2.0,2.0,2.0,1980-03-23,1.0,519.6666666666666
2450,2.0,1.0,2.0,1980-07-30,0.0,559.6666666666666
91,2.0,1.0,1.0,1980-04-15,0.0,590.0
492,1.0,2.0,1.0,1979-07-13,0.0,466.6666666666667
1539,1.0,1.0,2.0,1980-02-10,0.0,525.0
3297,1.0,2.0,1.0,1978-02-13,0.0,524.6666666666666
3913,2.0,1.0,2.0,1979-03-26,1.0,528.3333333333334
2403,1.0,1.0,1.0,1980-06-08,1.0,502.6666666666667
3758,1.0,1.0,2.0,1979-12-15,1.0,547.0
3212,2.0,2.0,1.0,1980-01-25,0.0,546.6666666666666
2432,1.0,1.0,2.0,1980-04-19,1.0,623.0
3997,2.0,2.0,1.0,1980-06-07,1.0,501.0
168,1.0,1.0,1.0,1980-05-03,0.0,605.3333333333334
80,1.0,1.0,,1980-01-30,0.0,495.0
2222,2.0,1.0,2.0,1980-05-26,0.0,527.6666666666666
1837,2.0,1.0,2.0,1980-03-15,0.0,541.3333333333334
3664,1.0,1.0,2.0,1979-02-25,0.0,534.3333333333334
1127,2.0,2.0,2.0,1980-01-06,0.0,540.3333333333334
3600,1.0,1.0,1.0,1978-12-29,0.0,541.0
4061,1.0,1.0,2.0,1979-09-08,0.0,558.6666666666666
2363,2.0,1.0,2.0,1980-06-10,1.0,570.6666666666666
2836,2.0,1.0,2.0,1980-08-09,0.0,533.6666666666666
3815,1.0,2.0,1.0,1979-02-23,1.0,540.0
3605,2.0,2.0,1.0,1980-06-04,1.0,532.0
4212,2.0,3.0,1.0,1980-03-05,0.0,473.6666666666667
478,1.0,1.0,2.0,1979-06-02,0.0,512.0
2500,2.0,1.0,2.0,1980-07-12,0.0,577.0
3688,1.0,1.0,2.0,1979-11-03,1.0,521.0
3635,1.0,1.0,1.0,1979-08-07,1.0,539.0
2667,2.0,1.0,1.0,1980-07-14,1.0,545.6666666666666
216,2.0,2.0,1.0,1978-11-11,1.0,513.0
1390,2.0,1.0,2.0,1980-08-14,0.0,536.6666666666666
144,2.0,2.0,1.0,1979-11-02,0.0,498.3333333333333
3498,2.0,1.0,1.0,1980-06-19,1.0,535.3333333333334
2449,2.0,2.0,2.0,1980-08-15,1.0,529.3333333333334
465,1.0,2.0,1.0,1979-06-17,0.0,551.0
3398,2.0,1.0,1.0,1980-08-16,0.0,596.3333333333334
931,1.0,1.0,1.0,1979-12-11,0.0,583.3333333333334
1650,2.0,2.0,1.0,1980-07-15,1.0,508.6666666666667
2962,2.0,1.0,2.0,1980-09-11,0.0,535.0
4051,2.0,1.0,1.0,1979-11-25,1.0,509.6666666666667
494,1.0,1.0,2.0,1979-07-27,0.0,506.3333333333333
2160,2.0,2.0,2.0,1980-05-06,1.0,503.3333333333333
4072,2.0,1.0,1.0,1979-12-07,0.0,528.3333333333334
530,1.0,1.0,2.0,1979-08-15,1.0,521.6666666666666
1356,1.0,1.0,2.0,1980-01-09,1.0,467.6666666666667
2849,1.0,2.0,1.0,1980-09-15,1.0,531.0
267,2.0,1.0,1.0,1979-02-13,0.0,562.6666666666666
3299,1.0,1.0,2.0,1978-10-22,0.0,538.3333333333334
2447,1.0,2.0,1.0,1980-06-12,1.0,488.3333333333333
2754,2.0,1.0,1.0,1980-08-02,1.0,621.3333333333334
922,2.0,1.0,1.0,1979-12-23,0.0,537.6666666666666
3525,2.0,2.0,1.0,1979-11-12,1.0,575.6666666666666
4078,2.0,1.0,2.0,1979-12-03,1.0,550.3333333333334
3194,1.0,1.0,2.0,1980-02-22,0.0,582.3333333333334
1709,2.0,1.0,2.0,1980-01-14,0.0,561.0
1096,2.0,1.0,2.0,1979-12-21,1.0,513.3333333333334
962,1.0,1.0,2.0,1979-12-05,1.0,593.3333333333334
2528,2.0,2.0,2.0,1980-07-23,0.0,553.6666666666666
1030,2.0,1.0,2.0,1979-12-15,0.0,519.6666666666666
3501,1.0,1.0,1.0,1979-03-04,1.0,524.0
2904,2.0,1.0,2.0,1980-09-03,0.0,519.6666666666666
3789,1.0,2.0,1.0,1979-01-21,0.0,494.6666666666667
1583,2.0,2.0,1.0,1980-06-19,0.0,521.6666666666666
3008,1.0,1.0,2.0,1980-09-18,1.0,549.6666666666666
2315,1.0,1.0,2.0,1980-04-29,0.0,521.0
2816,2.0,2.0,1.0,1980-08-19,1.0,562.0
1901,2.0,1.0,2.0,1980-10-23,0.0,522.6666666666666
2369,1.0,1.0,1.0,1980-06-21,0.0,537.6666666666666
1187,1.0,2.0,2.0,1980-01-18,0.0,580.3333333333334
29,1.0,2.0,1.0,1979-10-31,1.0,546.3333333333334
520,1.0,1.0,2.0,1979-08-18,0.0,526.3333333333334
3199,1.0,2.0,2.0,1980-07-14,0.0,465.0
1976,2.0,1.0,1.0,1980-04-10,0.0,555.0
885,2.0,1.0,2.0,1979-12-28,0.0,580.3333333333334
1023,2.0,1.0,2.0,1979-12-25,0.0,610.6666666666666
879,1.0,1.0,1.0,1979-12-17,1.0,559.6666666666666
108,1.0,1.0,1.0,1980-02-09,0.0,517.3333333333334
3167,2.0,2.0,1.0,1980-04-05,0.0,545.3333333333334
2779,2.0,1.0,2.0,1980-08-30,0.0,556.0
3394,2.0,2.0,1.0,1979-10-24,0.0,547.3333333333334
369,2.0,2.0,2.0,1979-11-02,1.0,556.3333333333334
38,2.0,2.0,1.0,1979-11-27,1.0,552.6666666666666
1523,1.0,1.0,2.0,1980-05-26,1.0,589.3333333333334
60,2.0,1.0,2.0,1980-08-25,1.0,501.6666666666667
3395,2.0,1.0,2.0,1980-04-16,0.0,559.6666666666666
2550,2.0,1.0,2.0,1980-05-18,0.0,583.3333333333334
787,2.0,1.0,2.0,1979-11-06,0.0,604.6666666666666
1276,2.0,2.0,1.0,1980-02-23,0.0,548.6666666666666
3562,1.0,1.0,1.0,1979-04-18,1.0,519.0
1018,1.0,1.0,2.0,1979-12-28,0.0,572.3333333333334
3727,1.0,2.0,1.0,1979-08-30,0.0,523.3333333333334
882,2.0,1.0,2.0,1979-12-18,0.0,502.6666666666667
1691,1.0,1.0,2.0,1980-02-26,0.0,520.3333333333334
2088,2.0,1.0,1.0,1980-04-06,0.0,580.6666666666666
720,2.0,1.0,2.0,1979-11-30,0.0,572.0
1340,2.0,2.0,1.0,1980-03-12,1.0,553.0
1148,2.0,2.0,2.0,1980-01-19,1.0,596.0
3295,1.0,2.0,1.0,1979-08-07,0.0,534.6666666666666
4031,1.0,2.0,2.0,1980-02-17,0.0,504.6666666666667
1235,1.0,1.0,1.0,1980-01-22,1.0,549.0
154,1.0,2.0,1.0,1980-04-28,1.0,583.0
3976,1.0,2.0,1.0,1978-09-19,0.0,527.6666666666666
1231,2.0,1.0,1.0,1980-01-11,0.0,526.6666666666666
3175,2.0,2.0,1.0,1980-06-29,1.0,566.0
774,1.0,1.0,2.0,1979-11-01,1.0,557.3333333333334
3877,2.0,1.0,1.0,1980-09-04,1.0,542.3333333333334
714,1.0,1.0,2.0,1979-11-22,1.0,552.3333333333334
2122,2.0,2.0,1.0,1980-04-14,0.0,471.6666666666667
2128,1.0,1.0,2.0,1980-04-04,1.0,570.3333333333334
3511,2.0,2.0,1.0,1980-02-16,0.0,508.6666666666667
4057,1.0,1.0,1.0,1979-12-14,1.0,523.0
3018,1.0,1.0,2.0,1980-09-25,0.0,563.6666666666666
2037,2.0,1.0,2.0,1980-04-29,0.0,558.0
3667,1.0,1.0,2.0,1979-09-06,1.0,565.6666666666666
1121,2.0,2.0,2.0,1979-12-10,1.0,527.3333333333334
561,1.0,1.0,2.0,1979-09-13,1.0,622.6666666666666
1412,2.0,2.0,1.0,1980-01-27,1.0,486.0
564,2.0,1.0,2.0,1979-09-14,0.0,557.0
727,1.0,1.0,2.0,1979-11-04,1.0,490.6666666666667
2601,2.0,1.0,2.0,1980-07-21,1.0,575.0
2880,2.0,2.0,2.0,1980-09-24,1.0,538.6666666666666
1651,2.0,2.0,2.0,1980-07-17,1.0,563.0
3825,1.0,1.0,2.0,1979-11-08,0.0,592.6666666666666
2932,2.0,1.0,2.0,1980-08-26,0.0,518.6666666666666
3954,1.0,1.0,1.0,1980-08-07,0.0,548.0
2477,2.0,1.0,1.0,1980-06-03,0.0,517.3333333333334
1305,1.0,2.0,1.0,1980-01-22,1.0,539.6666666666666
755,1.0,1.0,2.0,1979-11-20,0.0,569.3333333333334
370,2.0,2.0,1.0,1979-11-07,1.0,533.3333333333334
297,1.0,2.0,1.0,1979-02-09,0.0,554.3333333333334
1089,2.0,1.0,1.0,1979-05-24,0.0,533.6666666666666
1384,1.0,2.0,2.0,1980-01-10,1.0,520.0
2494,1.0,1.0,2.0,1980-06-13,0.0,523.0
2688,1.0,1.0,2.0,1980-08-01,1.0,550.0
2342,2.0,1.0,2.0,1980-06-03,0.0,563.0
2274,2.0,1.0,1.0,1980-05-05,0.0,617.3333333333334
515,1.0,2.0,1.0,1979-08-09,0.0,533.6666666666666
753,2.0,1.0,1.0,1979-11-02,1.0,579.0
221,2.0,2.0,2.0,1978-12-15,0.0,545.6666666666666
1495,2.0,2.0,1.0,1980-05-11,1.0,484.3333333333333
490,1.0,1.0,2.0,1979-07-06,0.0,595.6666666666666
1947,2.0,1.0,1.0,1980-04-11,1.0,519.6666666666666
2892,1.0,1.0,2.0,1980-08-14,0.0,530.3333333333334
3542,1.0,2.0,1.0,1979-01-29,0.0,484.6666666666667
2189,1.0,3.0,1.0,1980-05-15,1.0,506.0
2457,2.0,2.0,1.0,1980-05-26,0.0,523.6666666666666
3955,1.0,2.0,1.0,1980-06-09,1.0,521.0
39,2.0,1.0,1.0,1979-04-28,0.0,494.0
3418,2.0,2.0,2.0,1980-01-24,0.0,556.6666666666666
2697,1.0,1.0,2.0,1980-08-04,0.0,581.0
3802,1.0,2.0,1.0,1980-09-15,0.0,528.6666666666666
4157,2.0,1.0,2.0,1980-02-24,1.0,570.6666666666666
3935,1.0,1.0,1.0,1979-10-22,0.0,528.6666666666666
1543,2.0,1.0,2.0,1980-02-16,0.0,542.0
2523,2.0,2.0,2.0,1980-07-16,0.0,486.6666666666667
2899,2.0,1.0,1.0,1980-09-03,0.0,577.6666666666666
448,1.0,1.0,1.0,1979-04-23,0.0,563.6666666666666
3209,1.0,2.0,,1980-01-24,1.0,524.3333333333334
2006,2.0,1.0,2.0,1980-04-18,1.0,605.6666666666666
699,1.0,1.0,1.0,1979-11-04,1.0,544.0
4065,1.0,2.0,1.0,1979-11-04,1.0,519.6666666666666
3902,2.0,1.0,1.0,1979-06-24,0.0,488.3333333333333
3364,2.0,1.0,2.0,1980-06-10,1.0,549.0
2032,2.0,1.0,1.0,1980-04-09,0.0,535.6666666666666
3021,2.0,2.0,1.0,1980-05-21,0.0,522.0
3258,1.0,2.0,1.0,1980-07-08,0.0,507.6666666666667
2283,2.0,1.0,2.0,1980-04-17,1.0,573.6666666666666
3130,2.0,2.0,2.0,1980-01-03,0.0,557.0
3027,1.0,1.0,2.0,1980-09-22,0.0,522.6666666666666
528,1.0,1.0,2.0,1979-08-11,0.0,550.3333333333334
1893,2.0,1.0,2.0,1980-02-28,1.0,623.0
1992,1.0,1.0,2.0,1980-04-29,0.0,556.6666666666666
3354,1.0,1.0,2.0,1980-07-20,1.0,572.0
3095,1.0,1.0,2.0,1980-09-05,1.0,601.0
1350,1.0,1.0,2.0,1980-01-03,0.0,579.6666666666666
3956,1.0,2.0,1.0,1979-03-29,0.0,555.0
3028,2.0,1.0,2.0,1980-09-24,1.0,573.0
1810,2.0,1.0,2.0,1980-03-31,0.0,566.3333333333334
801,2.0,1.0,2.0,1979-11-12,1.0,557.0
152,1.0,2.0,1.0,1978-12-12,0.0,515.6666666666666
2377,1.0,1.0,2.0,1980-05-16,0.0,589.0
3837,1.0,1.0,1.0,1979-12-17,1.0,547.6666666666666
2657,1.0,2.0,1.0,1980-06-30,0.0,501.3333333333333
3360,2.0,1.0,2.0,1980-04-21,1.0,552.0
110,2.0,1.0,1.0,1980-01-30,0.0,550.0
3559,2.0,2.0,1.0,1979-10-01,1.0,487.0
1004,2.0,1.0,2.0,1979-01-25,0.0,576.6666666666666
1517,2.0,2.0,1.0,1979-05-29,1.0,465.3333333333333
3661,1.0,2.0,1.0,1979-09-22,0.0,507.3333333333333
1802,2.0,2.0,1.0,1980-09-04,1.0,462.6666666666667
861,1.0,1.0,2.0,1979-11-24,0.0,559.0
586,1.0,1.0,2.0,1980-08-24,1.0,474.0
3025,1.0,1.0,2.0,1980-10-01,1.0,583.3333333333334
2540,2.0,1.0,1.0,1980-07-21,1.0,546.3333333333334
2829,1.0,1.0,1.0,1980-07-06,0.0,541.6666666666666
2868,1.0,1.0,2.0,1980-09-07,0.0,558.6666666666666
3317,2.0,1.0,1.0,1979-11-30,0.0,569.6666666666666
1510,1.0,1.0,2.0,1980-02-11,0.0,577.6666666666666
681,2.0,1.0,1.0,1979-10-27,0.0,535.3333333333334
3304,1.0,1.0,2.0,1979-10-23,0.0,517.0
2728,1.0,1.0,2.0,1980-08-05,0.0,538.3333333333334
2218,1.0,1.0,2.0,1980-05-08,1.0,548.6666666666666
2194,2.0,1.0,2.0,1980-05-25,0.0,556.6666666666666
1986,2.0,1.0,2.0,1980-04-27,1.0,533.6666666666666
3292,1.0,2.0,1.0,1979-11-06,1.0,557.6666666666666
2045,2.0,1.0,1.0,1980-04-20,1.0,556.0
2867,2.0,2.0,2.0,1980-09-06,1.0,579.3333333333334
3380,1.0,2.0,1.0,1980-03-21,0.0,493.3333333333333
1780,1.0,2.0,1.0,1980-03-01,0.0,532.0
2286,1.0,2.0,2.0,1980-05-03,1.0,550.6666666666666
3484,2.0,1.0,1.0,1980-09-15,0.0,554.3333333333334
3459,1.0,1.0,2.0,1980-01-24,0.0,562.3333333333334
1328,1.0,1.0,2.0,1980-01-29,0.0,594.0
1875,2.0,2.0,1.0,1980-03-27,0.0,560.3333333333334
3338,1.0,1.0,1.0,1979-01-17,0.0,526.0
3450,2.0,1.0,2.0,1979-12-06,1.0,560.3333333333334
1047,2.0,1.0,2.0,1979-12-31,1.0,589.3333333333334
1814,2.0,1.0,2.0,1980-03-01,0.0,613.0
467,2.0,1.0,2.0,1979-06-19,0.0,520.6666666666666
1824,2.0,1.0,2.0,1980-03-10,0.0,524.3333333333334
2492,1.0,1.0,2.0,1980-06-30,1.0,582.3333333333334
4084,1.0,1.0,1.0,1980-03-21,0.0,541.3333333333334
2017,2.0,1.0,2.0,1980-03-23,0.0,524.0
2663,2.0,1.0,2.0,1980-07-06,0.0,559.6666666666666
2834,2.0,1.0,2.0,1980-08-03,0.0,522.3333333333334
4133,2.0,2.0,1.0,1980-03-10,0.0,495.6666666666667
3331,1.0,1.0,2.0,1979-12-26,0.0,591.3333333333334
3416,2.0,2.0,1.0,1979-07-16,0.0,484.3333333333333
4075,2.0,3.0,2.0,1979-08-13,1.0,567.6666666666666
1908,2.0,1.0,1.0,1980-02-18,0.0,502.0
1174,2.0,1.0,2.0,1980-01-11,1.0,585.6666666666666
771,1.0,1.0,2.0,1979-11-13,0.0,550.0
819,2.0,2.0,1.0,1979-11-22,0.0,513.3333333333334
312,1.0,2.0,1.0,1979-06-05,1.0,510.3333333333333
3086,1.0,2.0,2.0,1980-04-11,1.0,494.3333333333333
823,2.0,2.0,2.0,1979-11-27,0.0,542.3333333333334
525,1.0,1.0,2.0,1979-08-28,0.0,550.6666666666666
650,2.0,2.0,2.0,1979-10-25,1.0,502.3333333333333
3325,2.0,1.0,2.0,1979-11-06,1.0,532.6666666666666
1284,1.0,1.0,2.0,1980-03-12,1.0,607.0
582,2.0,1.0,2.0,1979-09-19,0.0,590.6666666666666
1883,1.0,1.0,2.0,1980-03-17,1.0,566.3333333333334
135,1.0,2.0,1.0,1979-08-09,0.0,494.0
1668,1.0,2.0,2.0,1980-07-26,0.0,551.6666666666666
3598,2.0,2.0,1.0,1980-09-16,0.0,529.3333333333334
3931,1.0,1.0,1.0,1978-11-12,0.0,493.6666666666667
2352,2.0,1.0,2.0,1980-06-18,1.0,546.3333333333334
2755,1.0,1.0,2.0,1980-07-01,0.0,558.6666666666666
1095,1.0,1.0,2.0,1979-12-24,0.0,489.6666666666667
3443,1.0,2.0,1.0,1979-02-15,0.0,496.6666666666667
3591,2.0,2.0,2.0,1980-05-01,1.0,539.6666666666666
3629,1.0,1.0,1.0,1979-04-03,0.0,585.0
3842,1.0,2.0,2.0,1980-02-20,1.0,545.6666666666666
2855,1.0,1.0,2.0,1980-09-05,0.0,517.3333333333334
3938,2.0,1.0,2.0,1980-08-06,0.0,523.0
62,2.0,2.0,2.0,1980-08-19,0.0,539.6666666666666
3663,1.0,2.0,2.0,1980-08-02,0.0,540.0
557,1.0,2.0,2.0,1979-08-08,1.0,549.0
1671,1.0,2.0,1.0,1980-07-16,0.0,529.3333333333334
79,2.0,2.0,1.0,1979-11-05,0.0,542.6666666666666
660,1.0,1.0,2.0,1979-10-08,1.0,592.3333333333334
1164,2.0,2.0,2.0,1980-01-04,1.0,587.3333333333334
3803,2.0,1.0,1.0,1980-08-04,1.0,580.3333333333334
3879,1.0,2.0,1.0,1979-10-04,0.0,485.3333333333333
3513,1.0,1.0,1.0,1979-12-28,0.0,529.6666666666666
1300,1.0,2.0,1.0,1980-06-03,0.0,501.6666666666667
3430,2.0,2.0,1.0,1980-09-24,0.0,529.0
3343,2.0,1.0,2.0,1980-01-12,1.0,561.0
511,2.0,1.0,1.0,1979-08-08,1.0,516.3333333333334
3287,1.0,2.0,1.0,1979-09-23,0.0,507.3333333333333
2606,2.0,1.0,1.0,1980-06-25,0.0,472.6666666666667
1450,2.0,2.0,1.0,1980-03-07,1.0,536.3333333333334
2142,1.0,1.0,2.0,1980-05-05,0.0,582.6666666666666
3165,1.0,2.0,1.0,1980-04-28,1.0,531.6666666666666
3063,1.0,2.0,1.0,1980-08-20,0.0,475.6666666666667
2886,2.0,1.0,2.0,1980-09-02,1.0,550.6666666666666
451,2.0,1.0,2.0,1979-05-09,1.0,558.3333333333334
2064,2.0,1.0,1.0,1979-04-15,1.0,538.6666666666666
2343,1.0,1.0,2.0,1980-06-03,0.0,540.6666666666666
924,2.0,1.0,2.0,1979-12-30,1.0,523.0
696,1.0,1.0,1.0,1979-11-10,0.0,556.6666666666666
2250,2.0,2.0,1.0,1980-05-11,1.0,498.3333333333333
1106,2.0,2.0,1.0,1980-12-18,1.0,530.6666666666666
3918,1.0,3.0,2.0,1980-06-02,1.0,520.6666666666666
3774,2.0,1.0,1.0,1980-05-03,0.0,507.0
3456,1.0,1.0,2.0,1979-08-14,1.0,482.6666666666667
2330,1.0,1.0,,1980-06-01,1.0,548.6666666666666
3083,2.0,2.0,2.0,1980-01-06,1.0,583.3333333333334
1503,2.0,2.0,1.0,1980-05-14,0.0,516.0
2433,1.0,1.0,2.0,1980-05-29,0.0,466.6666666666667
4122,1.0,1.0,2.0,1980-01-12,1.0,531.6666666666666
58,2.0,1.0,2.0,1980-06-25,1.0,630.3333333333334
1223,2.0,1.0,2.0,1980-01-13,1.0,599.6666666666666
433,1.0,1.0,1.0,1979-04-29,1.0,485.3333333333333
3984,2.0,1.0,2.0,1980-07-28,1.0,629.6666666666666
3445,1.0,1.0,2.0,1979-07-17,0.0,549.0
1899,1.0,1.0,2.0,1980-03-24,1.0,554.6666666666666
923,1.0,2.0,1.0,1979-12-25,0.0,472.6666666666667
631,1.0,1.0,2.0,1979-09-12,1.0,553.0
1565,2.0,1.0,,1980-02-04,0.0,527.3333333333334
3655,1.0,2.0,2.0,1980-07-21,0.0,501.3333333333333
3489,2.0,1.0,2.0,1980-05-12,1.0,611.3333333333334
2219,1.0,3.0,2.0,1980-05-14,0.0,598.6666666666666
3460,1.0,1.0,1.0,1980-07-27,1.0,551.0
434,1.0,1.0,1.0,1979-04-07,0.0,493.0
1375,1.0,2.0,1.0,1980-03-15,1.0,512.0
1683,1.0,2.0,2.0,1980-07-25,0.0,489.6666666666667
1826,1.0,1.0,1.0,1980-03-01,0.0,545.3333333333334
2486,1.0,1.0,2.0,1980-06-17,1.0,562.3333333333334
3750,1.0,1.0,2.0,1979-05-11,0.0,633.6666666666666
3158,2.0,2.0,1.0,1980-03-29,0.0,567.0
4047,1.0,1.0,2.0,1979-11-21,0.0,540.3333333333334
4032,2.0,2.0,1.0,1979-09-09,0.0,531.3333333333334
3537,1.0,1.0,1.0,1979-02-03,1.0,503.3333333333333
551,1.0,2.0,2.0,1980-07-30,1.0,560.3333333333334
4207,2.0,1.0,1.0,1979-07-09,0.0,510.6666666666667
2217,2.0,1.0,2.0,1980-05-06,1.0,606.6666666666666
3683,1.0,1.0,2.0,1979-12-19,1.0,581.0
376,2.0,2.0,1.0,1979-11-16,0.0,531.3333333333334
692,1.0,1.0,2.0,1979-11-10,0.0,520.0
2699,1.0,1.0,2.0,1980-08-05,1.0,532.6666666666666
2469,2.0,1.0,,1980-07-30,1.0,506.3333333333333
323,1.0,1.0,1.0,1979-02-28,1.0,541.6666666666666
2075,1.0,1.0,1.0,1980-04-24,0.0,499.0
1697,2.0,3.0,2.0,1980-01-26,0.0,541.0
163,1.0,1.0,1.0,1979-12-12,0.0,563.3333333333334
3971,1.0,2.0,2.0,1980-05-31,0.0,492.3333333333333
3634,2.0,1.0,2.0,1979-12-26,0.0,550.6666666666666
3814,1.0,2.0,1.0,1979-11-29,0.0,488.3333333333333
2353,2.0,1.0,2.0,1980-06-18,1.0,584.0
2297,1.0,2.0,1.0,1980-04-20,0.0,521.3333333333334
1557,1.0,2.0,1.0,1980-02-05,0.0,523.0
3969,1.0,1.0,2.0,1979-10-28,0.0,516.0
652,2.0,1.0,2.0,1979-09-29,0.0,525.0
656,1.0,1.0,2.0,1979-12-03,1.0,529.0
3243,1.0,1.0,2.0,1980-05-01,0.0,502.3333333333333
1426,2.0,1.0,2.0,1980-10-04,1.0,629.0
2395,2.0,1.0,2.0,1980-06-29,0.0,505.6666666666667
3348,1.0,4.0,2.0,1980-03-09,0.0,480.6666666666667
1424,2.0,2.0,2.0,1980-04-22,0.0,525.6666666666666
641,1.0,1.0,1.0,1979-10-17,0.0,553.3333333333334
77,2.0,1.0,1.0,1979-01-02,0.0,531.0
911,1.0,1.0,2.0,1979-12-28,1.0,619.3333333333334
3087,2.0,2.0,2.0,1980-09-20,1.0,566.3333333333334
908,1.0,1.0,2.0,1979-11-30,1.0,634.3333333333334
1493,1.0,1.0,2.0,1980-02-18,0.0,567.6666666666666
2197,2.0,1.0,2.0,1980-04-09,1.0,503.6666666666667
1730,1.0,1.0,1.0,1980-02-06,1.0,569.6666666666666
990,1.0,1.0,2.0,1979-11-30,0.0,551.6666666666666
2844,1.0,1.0,2.0,1980-08-26,1.0,604.6666666666666
2455,2.0,2.0,1.0,1980-05-24,0.0,496.0
3711,2.0,1.0,1.0,1980-05-26,0.0,575.6666666666666
747,2.0,1.0,2.0,1979-11-12,0.0,579.6666666666666
1136,1.0,1.0,2.0,1980-01-12,0.0,546.6666666666666
2109,1.0,2.0,2.0,1980-04-15,1.0,555.6666666666666
3282,1.0,1.0,2.0,1979-07-12,1.0,519.0
2963,1.0,2.0,1.0,1980-09-13,0.0,466.3333333333333
3584,2.0,1.0,2.0,1979-11-10,0.0,615.6666666666666
2237,1.0,1.0,2.0,1980-05-26,0.0,570.3333333333334
2069,2.0,2.0,1.0,1980-03-30,0.0,524.0
3268,1.0,1.0,2.0,1981-03-19,0.0,602.3333333333334
638,1.0,1.0,2.0,1979-10-15,0.0,591.0
3223,2.0,1.0,2.0,1980-04-03,0.0,509.0
1922,1.0,1.0,2.0,1979-11-11,0.0,578.0
2565,2.0,1.0,2.0,1980-07-05,1.0,622.0
955,1.0,1.0,2.0,1979-12-06,1.0,609.0
2104,1.0,1.0,2.0,1980-04-10,0.0,531.3333333333334
1654,2.0,2.0,1.0,1980-07-11,1.0,513.0
3628,2.0,1.0,2.0,1979-01-09,0.0,526.3333333333334
3960,2.0,2.0,1.0,1980-02-28,0.0,466.0
1175,2.0,1.0,2.0,1980-01-12,0.0,583.6666666666666
1867,2.0,1.0,2.0,1980-03-28,1.0,524.3333333333334
3306,1.0,1.0,2.0,1980-02-01,0.0,532.6666666666666
2389,2.0,1.0,2.0,1980-06-02,1.0,637.3333333333334
4118,1.0,1.0,2.0,1980-08-04,0.0,497.6666666666667
942,2.0,1.0,1.0,1979-11-26,0.0,510.0
1311,2.0,1.0,2.0,1980-01-23,0.0,538.6666666666666
1266,1.0,2.0,2.0,1980-02-21,0.0,579.6666666666666
3026,1.0,1.0,2.0,1980-09-03,1.0,526.3333333333334
4012,1.0,1.0,1.0,1979-08-28,0.0,546.6666666666666
2520,2.0,1.0,2.0,1980-07-14,0.0,588.0
1108,1.0,2.0,1.0,1979-11-05,0.0,527.6666666666666
1295,1.0,1.0,2.0,1980-01-06,1.0,589.3333333333334
794,1.0,1.0,2.0,1979-11-13,0.0,532.6666666666666
436,1.0,1.0,1.0,1979-04-26,0.0,513.0
1648,1.0,2.0,1.0,1980-07-16,0.0,482.6666666666667
2108,2.0,2.0,1.0,1980-04-14,0.0,516.6666666666666
4015,1.0,2.0,1.0,1979-06-04,1.0,521.6666666666666
2749,1.0,1.0,2.0,1980-08-26,0.0,586.0
3367,2.0,2.0,2.0,1980-06-25,0.0,502.6666666666667
1974,1.0,1.0,2.0,1980-04-08,1.0,626.3333333333334
909,2.0,1.0,1.0,1979-10-07,1.0,527.0
1504,1.0,1.0,2.0,1980-02-29,0.0,599.0
2248,1.0,1.0,2.0,1980-05-09,0.0,568.3333333333334
1115,2.0,2.0,2.0,1979-11-10,0.0,516.6666666666666
2316,1.0,1.0,1.0,1980-04-30,1.0,519.0
1458,1.0,1.0,2.0,1980-02-18,1.0,634.3333333333334
3483,2.0,2.0,1.0,1980-08-02,1.0,530.6666666666666
2970,2.0,2.0,2.0,1980-09-27,1.0,611.6666666666666
888,1.0,1.0,2.0,1979-12-07,1.0,644.3333333333334
565,1.0,1.0,2.0,1979-09-17,1.0,599.6666666666666
2826,1.0,1.0,1.0,1980-08-08,0.0,498.0
1368,1.0,1.0,2.0,1980-01-03,0.0,533.3333333333334
1622,2.0,1.0,2.0,1980-02-14,0.0,572.6666666666666
439,2.0,2.0,1.0,1979-08-09,0.0,514.6666666666666
472,1.0,1.0,1.0,1979-06-28,0.0,545.3333333333334
2641,2.0,2.0,2.0,1980-07-09,1.0,624.6666666666666
3687,2.0,1.0,2.0,1979-11-23,1.0,606.0
2498,2.0,1.0,2.0,1980-07-22,0.0,522.6666666666666
2777,2.0,1.0,2.0,1980-08-18,1.0,570.3333333333334
1456,1.0,1.0,1.0,1980-02-05,1.0,543.3333333333334
1240,2.0,2.0,2.0,1980-09-10,0.0,539.6666666666666
560,1.0,1.0,,1979-09-05,0.0,545.6666666666666
2936,1.0,1.0,2.0,1980-09-10,1.0,550.3333333333334
479,2.0,1.0,1.0,1979-06-21,1.0,500.6666666666667
3177,1.0,1.0,2.0,1980-04-04,1.0,505.0
484,1.0,1.0,2.0,1979-07-20,0.0,516.6666666666666
1264,2.0,1.0,2.0,1980-05-04,1.0,612.0
1865,2.0,1.0,2.0,1980-03-21,0.0,529.3333333333334
3476,1.0,1.0,2.0,1980-04-15,1.0,515.6666666666666
1212,1.0,2.0,1.0,1980-02-05,1.0,510.6666666666667
1965,2.0,2.0,1.0,1980-04-04,1.0,574.6666666666666
1347,1.0,2.0,2.0,1980-03-17,0.0,505.3333333333333
2542,2.0,1.0,1.0,1980-07-12,1.0,580.6666666666666
2350,2.0,1.0,2.0,1980-06-16,0.0,533.6666666666666
3576,1.0,2.0,1.0,1979-04-24,1.0,482.3333333333333
4214,1.0,2.0,2.0,1978-03-15,0.0,519.3333333333334
3787,1.0,2.0,1.0,1980-01-18,0.0,537.3333333333334
555,1.0,1.0,2.0,1979-08-28,0.0,502.6666666666667
424,2.0,1.0,1.0,1979-04-28,1.0,516.3333333333334
1268,1.0,1.0,2.0,1980-06-29,1.0,583.0
63,2.0,1.0,1.0,1980-06-15,1.0,610.6666666666666
1376,1.0,2.0,1.0,1980-03-20,0.0,526.0
850,1.0,1.0,1.0,1979-12-10,1.0,505.6666666666667
4198,2.0,2.0,1.0,1980-10-22,0.0,557.6666666666666
2489,2.0,1.0,2.0,1980-06-25,0.0,582.0
1210,2.0,1.0,2.0,1980-01-29,0.0,561.0
2996,2.0,1.0,2.0,1980-09-11,0.0,518.3333333333334
2569,2.0,1.0,1.0,1980-07-04,1.0,525.0
1925,2.0,2.0,2.0,1980-09-10,0.0,526.3333333333334
4213,1.0,1.0,1.0,1980-06-24,1.0,539.0
3732,1.0,2.0,1.0,1979-02-28,1.0,484.3333333333333
2181,1.0,1.0,2.0,1980-04-14,1.0,574.3333333333334
804,1.0,2.0,2.0,1979-11-23,0.0,480.6666666666667
3924,1.0,2.0,2.0,1979-06-02,0.0,606.3333333333334
3151,1.0,2.0,1.0,1980-01-08,0.0,500.6666666666667
3847,2.0,1.0,2.0,1980-04-02,1.0,608.3333333333334
78,2.0,1.0,1.0,1980-07-09,1.0,565.3333333333334
1599,1.0,1.0,,1980-02-03,1.0,541.6666666666666
1874,1.0,1.0,1.0,1980-09-08,0.0,514.0
412,1.0,2.0,2.0,1979-12-27,0.0,507.0
1758,2.0,1.0,1.0,1980-03-10,0.0,506.6666666666667
344,1.0,2.0,1.0,1979-09-03,0.0,485.6666666666667
1177,2.0,2.0,1.0,1980-01-30,0.0,602.6666666666666
3544,2.0,2.0,1.0,1979-11-10,1.0,495.0
336,2.0,2.0,1.0,1979-07-28,0.0,494.3333333333333
3473,1.0,1.0,1.0,1980-03-30,0.0,548.0
2313,2.0,1.0,2.0,1980-04-25,0.0,558.3333333333334
2507,1.0,1.0,2.0,1980-07-23,1.0,545.3333333333334
3962,2.0,2.0,1.0,1980-03-03,0.0,531.3333333333334
2791,1.0,1.0,2.0,1980-09-02,0.0,505.3333333333333
2698,2.0,1.0,2.0,1980-08-04,1.0,555.3333333333334
1159,1.0,1.0,2.0,1980-02-01,1.0,587.6666666666666
1741,1.0,2.0,1.0,1980-08-12,1.0,499.6666666666667
1436,1.0,1.0,1.0,1980-02-07,1.0,525.3333333333334
860,2.0,2.0,1.0,1979-11-16,0.0,492.6666666666667
3155,1.0,1.0,2.0,1980-04-21,0.0,592.6666666666666
2651,2.0,1.0,2.0,1980-06-10,1.0,560.0
1856,1.0,1.0,1.0,1980-03-13,0.0,498.3333333333333
4164,1.0,1.0,2.0,1980-04-12,0.0,595.3333333333334
441,2.0,1.0,1.0,1979-04-21,0.0,516.6666666666666
1641,2.0,1.0,2.0,1980-01-05,1.0,617.3333333333334
2943,1.0,2.0,2.0,1980-08-27,1.0,513.6666666666666
1842,1.0,1.0,2.0,1980-02-26,0.0,584.0
1460,2.0,2.0,1.0,1980-04-30,0.0,488.3333333333333
174,1.0,2.0,1.0,1978-07-28,0.0,545.0
2348,1.0,2.0,1.0,1980-06-15,0.0,559.0
3002,1.0,1.0,2.0,1980-09-23,0.0,582.3333333333334
104,1.0,1.0,1.0,1980-09-20,0.0,558.6666666666666
1508,2.0,1.0,1.0,1980-01-24,1.0,502.6666666666667
768,1.0,1.0,1.0,1979-11-06,1.0,516.6666666666666
30,2.0,1.0,2.0,1978-11-21,1.0,586.3333333333334
1215,2.0,2.0,1.0,1980-01-27,0.0,495.0
2268,2.0,1.0,2.0,1980-05-17,1.0,571.6666666666666
3389,2.0,1.0,1.0,1980-02-28,1.0,545.3333333333334
3363,1.0,2.0,1.0,1980-05-03,1.0,544.0
1918,2.0,2.0,1.0,1980-03-06,0.0,508.0
1978,2.0,1.0,2.0,1980-04-15,0.0,570.0
3224,1.0,2.0,1.0,1980-07-05,0.0,489.3333333333333
3232,1.0,1.0,2.0,1980-04-26,0.0,463.3333333333333
880,2.0,1.0,1.0,1979-12-18,1.0,625.6666666666666
4049,2.0,1.0,1.0,1979-12-04,1.0,519.0
1564,1.0,1.0,2.0,1980-02-23,0.0,590.0
1866,1.0,1.0,1.0,1980-03-25,1.0,533.0
2083,2.0,1.0,1.0,1980-04-14,1.0,565.0
1429,2.0,1.0,2.0,1980-01-06,1.0,569.0
4040,1.0,2.0,1.0,1979-06-21,1.0,492.6666666666667
2212,2.0,1.0,2.0,1980-05-05,1.0,555.0
2195,1.0,1.0,2.0,1980-05-07,1.0,587.3333333333334
2453,1.0,2.0,2.0,1980-05-19,0.0,492.6666666666667
2647,1.0,2.0,1.0,1980-07-17,1.0,502.3333333333333
1834,2.0,2.0,1.0,1980-09-25,0.0,538.0
2362,2.0,1.0,1.0,1980-06-26,0.0,520.6666666666666
2999,2.0,1.0,2.0,1980-09-25,1.0,563.0
618,1.0,1.0,2.0,1979-09-18,1.0,606.3333333333334
599,1.0,2.0,1.0,1979-09-19,0.0,557.3333333333334
3680,1.0,2.0,1.0,1979-08-20,1.0,526.6666666666666
2245,1.0,1.0,2.0,1980-05-07,0.0,610.3333333333334
4019,1.0,2.0,1.0,1980-03-29,0.0,465.6666666666667
325,1.0,1.0,2.0,1979-02-01,0.0,519.6666666666666
1234,2.0,1.0,1.0,1980-01-18,0.0,481.3333333333333
3621,1.0,1.0,2.0,1979-10-02,1.0,553.3333333333334
3125,2.0,1.0,2.0,1980-01-27,0.0,577.0
2409,1.0,1.0,2.0,1980-06-06,1.0,531.0
2318,2.0,1.0,2.0,1980-05-17,1.0,525.3333333333334
3547,1.0,2.0,1.0,1980-02-05,1.0,549.6666666666666
3029,1.0,1.0,2.0,1980-08-05,1.0,514.6666666666666
2460,1.0,2.0,1.0,1980-04-09,0.0,467.0
1204,2.0,1.0,1.0,1980-01-28,0.0,532.0
2411,1.0,1.0,1.0,1980-06-03,1.0,539.0
210,1.0,1.0,1.0,1978-11-18,0.0,553.0
2866,1.0,1.0,1.0,1980-09-04,1.0,522.6666666666666
1778,2.0,1.0,2.0,1980-03-29,0.0,573.0
531,1.0,1.0,1.0,1979-08-27,1.0,556.3333333333334
2845,1.0,1.0,1.0,1980-08-31,1.0,529.0
483,1.0,1.0,2.0,1979-09-14,0.0,560.0
2666,2.0,1.0,2.0,1980-07-13,0.0,575.3333333333334
2923,1.0,1.0,1.0,1980-08-02,0.0,539.6666666666666
2383,1.0,1.0,1.0,1980-06-22,1.0,567.0
3912,2.0,2.0,1.0,1979-06-09,1.0,530.0
1781,2.0,1.0,2.0,1980-03-02,1.0,589.0
1396,1.0,2.0,1.0,1980-01-18,1.0,537.6666666666666
2991,2.0,1.0,2.0,1980-09-30,0.0,563.3333333333334
4163,1.0,1.0,2.0,1980-04-07,1.0,525.3333333333334
2111,2.0,2.0,1.0,1980-04-15,0.0,492.6666666666667
8,1.0,1.0,1.0,1980-09-22,1.0,582.6666666666666
1591,1.0,2.0,2.0,1980-05-22,0.0,576.6666666666666
2139,2.0,1.0,2.0,1980-05-30,0.0,546.6666666666666
1481,2.0,1.0,2.0,1980-02-10,0.0,516.0
1262,1.0,1.0,2.0,1980-01-22,1.0,628.6666666666666
1022,1.0,1.0,1.0,1979-12-14,0.0,481.0
838,1.0,1.0,1.0,1979-11-22,1.0,505.0
28,1.0,2.0,1.0,1980-08-12,1.0,499.6666666666667
1329,1.0,2.0,2.0,1980-03-10,1.0,556.6666666666666
3184,1.0,2.0,1.0,1980-02-14,0.0,466.0
1131,2.0,2.0,1.0,1980-01-01,0.0,499.0
48,2.0,1.0,2.0,1980-01-22,0.0,582.0
974,2.0,2.0,1.0,1979-12-03,1.0,490.3333333333333
3679,2.0,1.0,2.0,1980-01-14,0.0,524.3333333333334
3604,2.0,1.0,2.0,1980-08-27,1.0,540.6666666666666
1453,2.0,1.0,1.0,1980-05-07,1.0,516.0
2841,1.0,1.0,2.0,1980-08-31,1.0,609.0
1806,1.0,1.0,2.0,1980-03-26,0.0,527.0
3668,2.0,1.0,2.0,1980-04-07,1.0,547.0
3919,2.0,2.0,2.0,1980-04-02,1.0,543.3333333333334
3379,1.0,2.0,1.0,1980-02-13,1.0,512.6666666666666
3832,2.0,1.0,1.0,1979-11-28,1.0,570.0
3234,1.0,2.0,1.0,1980-02-17,0.0,509.3333333333333
1890,2.0,1.0,1.0,1980-02-10,1.0,548.0
2147,1.0,1.0,2.0,1980-05-07,0.0,519.6666666666666
1894,1.0,1.0,2.0,1980-02-29,0.0,508.6666666666667
4115,1.0,1.0,2.0,1980-04-22,0.0,561.6666666666666
1553,1.0,2.0,2.0,1980-06-08,1.0,477.3333333333333
349,1.0,2.0,1.0,1979-09-08,1.0,541.0
112,2.0,1.0,1.0,1979-12-30,0.0,565.3333333333334
1851,1.0,2.0,1.0,1980-09-22,0.0,466.6666666666667
49,2.0,1.0,2.0,1980-08-12,0.0,567.0
3024,1.0,2.0,1.0,1980-01-11,1.0,480.6666666666667
3945,1.0,1.0,1.0,1980-07-09,1.0,510.0
3749,1.0,2.0,2.0,1980-02-04,0.0,546.6666666666666
2491,2.0,1.0,1.0,1980-05-18,0.0,584.3333333333334
4044,2.0,1.0,1.0,1979-11-20,0.0,502.0
2042,1.0,2.0,1.0,1980-04-15,0.0,566.6666666666666
2493,1.0,1.0,2.0,1980-06-28,0.0,513.3333333333334
4124,1.0,1.0,2.0,1980-07-06,0.0,528.3333333333334
345,1.0,1.0,1.0,1979-09-08,0.0,517.0
3468,1.0,1.0,2.0,1980-07-10,1.0,621.6666666666666
244,2.0,2.0,1.0,1979-01-01,0.0,502.0
2560,2.0,1.0,2.0,1980-06-24,1.0,548.0
1147,2.0,1.0,1.0,1980-01-13,0.0,518.6666666666666
2539,2.0,2.0,1.0,1980-06-19,1.0,500.6666666666667
469,2.0,1.0,1.0,1979-06-29,0.0,546.3333333333334
262,2.0,2.0,1.0,1979-03-05,0.0,518.3333333333334
3255,2.0,1.0,2.0,1980-05-16,0.0,583.0
447,2.0,1.0,2.0,1979-05-26,0.0,517.0
3499,2.0,2.0,1.0,1980-02-29,1.0,515.3333333333334
3796,1.0,1.0,1.0,1980-09-01,1.0,522.0
3707,2.0,1.0,2.0,1980-01-27,0.0,565.0
